ZIPCODE,max_pfas,mean_pfas,total_detections,num_contaminants,NAME,total_pop,pct_white,pct_black,pct_native,pct_asian,pct_pacific_islander,pct_hispanic,pct_nonhispanic_white,pct_minority
07002,0.0046,0.00016375,3,20,ZCTA5 07002,71553,65.5,17.3,1.5,10.2,0.1,32.1,42.5,57.5
07003,0.0053,8e-05,4,20,ZCTA5 07003,53771,56.5,20.1,1.7,11.0,0.0,30.9,37.4,62.6
07004,0.0115,0.00141375,17,20,ZCTA5 07004,7824,94.7,1.8,0.2,4.2,0.2,11.7,82.2,17.799999999999997
07005,0.0111,0.0009619289340101523,36,20,ZCTA5 07005,15307,86.6,5.3,1.5,8.7,0.2,11.6,74.1,25.900000000000006
07006,0.0423,0.0011405,69,20,ZCTA5 07006,26654,84.6,5.2,1.3,11.2,0.2,12.7,72.0,28.0
07008,0.0073,0.0002515,11,20,ZCTA5 07008,25526,34.7,24.5,1.6,27.3,0.2,34.3,18.7,81.3
07009,0.0423,0.00050625,15,20,ZCTA5 07009,13535,85.1,4.9,0.7,10.2,0.4,7.9,76.1,23.900000000000006
07010,0.014,0.0011375,48,20,ZCTA5 07010,25781,63.5,5.8,4.6,15.5,0.0,34.5,41.4,58.6
07011,0.0119,0.00197875,23,20,ZCTA5 07011,38587,62.7,9.4,1.1,5.2,0.3,55.0,33.6,66.4
07012,0.0119,0.00197875,23,20,ZCTA5 07012,14653,73.4,9.1,1.7,12.4,0.4,25.4,56.1,43.9
07013,0.0119,0.00197875,23,20,ZCTA5 07013,30811,72.5,4.2,0.9,13.1,0.0,27.4,55.5,44.5
07014,0.0119,0.00197875,23,20,ZCTA5 07014,4975,74.3,4.1,0.0,11.7,0.0,34.8,51.3,48.7
07016,0.0075,0.00025416666666666665,19,20,ZCTA5 07016,24074,91.9,3.2,0.7,3.7,0.0,8.2,84.0,16.0
07017,0.0053,0.00012000000000000002,4,20,ZCTA5 07017,40910,5.9,84.6,1.8,2.0,0.3,12.4,2.2,97.8
07018,0.013,0.00062,3,20,ZCTA5 07018,28924,4.7,88.5,0.5,2.1,0.1,9.2,1.6,98.4
07020,0.014,0.0011375,48,20,ZCTA5 07020,14759,52.6,5.8,0.3,41.2,0.0,16.6,36.9,63.1
07021,0.0423,0.00117125,9,20,ZCTA5 07021,2361,89.9,4.1,0.2,8.8,0.0,11.1,75.8,24.200000000000003
07022,0.014,0.0011375,48,20,ZCTA5 07022,15099,60.6,2.3,2.2,7.0,0.0,65.8,25.8,74.2
07023,0.0075,0.00025416666666666665,19,20,ZCTA5 07023,7799,86.7,9.9,1.6,9.8,0.0,11.2,69.4,30.599999999999994
07024,0.014,0.0011375,48,20,ZCTA5 07024,40024,48.3,4.5,0.8,45.7,0.2,13.4,37.3,62.7
07026,0.0236,0.0009425,22,20,ZCTA5 07026,32783,70.0,9.8,0.9,4.0,0.1,47.3,41.8,58.2
07027,0.0075,0.00025416666666666665,19,20,ZCTA5 07027,4885,76.0,0.8,0.1,7.3,0.0,21.2,63.3,36.7
07028,0.0082,0.00028571428571428574,7,20,ZCTA5 07028,8022,87.7,5.9,0.4,9.0,0.0,10.7,74.1,25.900000000000006
07029,0.0088,0.00079875,10,20,ZCTA5 07029,22866,47.6,6.2,2.0,22.2,0.0,42.6,26.4,73.6
07030,0.014,0.001068796992481203,50,20,ZCTA5 07030,58668,80.1,5.9,0.5,14.6,0.0,13.4,65.5,34.5
07031,0.0114,0.0012975,17,20,ZCTA5 07031,16461,74.7,6.5,1.6,10.7,0.2,30.3,52.7,47.3
07032,0.0048,0.00014516129032258063,2,20,ZCTA5 07032,40614,61.8,8.3,1.6,5.9,0.4,51.7,30.7,69.3
07033,0.0075,0.00025416666666666665,19,20,ZCTA5 07033,8401,71.6,6.9,0.3,6.4,0.0,31.6,56.2,43.8
07034,0.0109,0.0009456896551724138,100,20,ZCTA5 07034,11018,58.7,3.5,0.2,37.4,0.0,10.1,49.1,50.9
07035,0.0054,0.00014125000000000002,5,20,ZCTA5 07035,11120,86.6,6.3,0.3,7.0,0.0,16.4,71.8,28.200000000000003
07036,0.0075,0.00025416666666666665,19,20,ZCTA5 07036,45671,52.5,29.9,1.8,4.0,0.1,34.4,31.9,68.1
07039,0.044,0.0010005882352941177,144,20,ZCTA5 07039,31488,59.7,5.1,0.3,36.2,0.2,5.1,53.4,46.6
07040,0.0275,0.000448,44,20,ZCTA5 07040,25613,58.4,31.5,1.3,6.6,0.0,11.2,51.2,48.8
07041,0.0275,0.000448,44,20,ZCTA5 07041,7532,58.1,4.2,0.3,35.0,0.0,9.3,48.1,51.9
07042,0.013,0.00045250000000000005,10,20,ZCTA5 07042,27326,62.0,32.3,1.0,9.0,0.1,12.8,48.8,51.2
07043,0.0423,0.0006920833333333333,19,20,ZCTA5 07043,13256,86.8,8.6,1.2,9.5,0.0,6.1,74.1,25.900000000000006
07044,0.0423,0.0005330882352941177,53,20,ZCTA5 07044,14545,91.9,3.8,3.4,4.9,0.0,7.9,81.2,18.799999999999997
07045,0.0111,0.0006744444444444445,46,20,ZCTA5 07045,10561,69.8,2.8,2.1,28.7,0.0,6.4,62.0,38.0
07046,0.0133,0.0006626923076923077,29,20,ZCTA5 07046,4585,84.7,0.2,0.6,17.5,0.0,3.8,76.5,23.5
07047,0.014,0.0011375,48,20,ZCTA5 07047,61250,55.3,7.5,2.8,8.0,0.0,71.4,17.5,82.5
07050,0.013,0.0005933333333333333,12,20,ZCTA5 07050,34181,16.5,60.5,1.0,2.7,0.3,34.9,5.0,95.0
07052,0.0423,0.0005330882352941177,53,20,ZCTA5 07052,48620,51.1,31.2,0.7,6.5,0.1,22.5,40.4,59.6
07054,0.0109,0.0009456896551724138,100,20,ZCTA5 07054,29480,49.3,5.6,1.0,45.1,0.0,8.9,40.5,59.5
07055,0.0119,0.00197875,23,20,ZCTA5 07055,70002,70.2,9.8,1.9,4.8,0.2,73.3,14.1,85.9
07057,0.014,0.001115357142857143,56,20,ZCTA5 07057,11889,81.7,6.3,0.2,4.9,0.0,18.9,70.2,29.799999999999997
07059,0.0275,0.0003753125,63,20,ZCTA5 07059,16811,76.2,6.0,1.5,20.4,0.0,9.2,65.5,34.5
07060,0.0075,0.00025416666666666665,19,20,ZCTA5 07060,48363,25.6,25.9,2.0,3.1,0.0,62.9,9.2,90.8
07062,0.0075,0.00025416666666666665,19,20,ZCTA5 07062,15399,17.4,50.4,1.5,1.2,0.0,38.6,11.4,88.6
07063,0.0075,0.00025416666666666665,19,20,ZCTA5 07063,14235,14.4,37.5,0.8,1.4,0.3,53.9,7.4,92.6
07065,0.0069,0.00027875,4,20,ZCTA5 07065,30109,47.8,36.4,0.2,7.1,0.0,27.4,29.3,70.7
07066,0.0075,0.0002532142857142857,30,20,ZCTA5 07066,15622,88.5,3.2,1.9,5.0,0.0,12.6,77.7,22.299999999999997
07067,0.014,0.0011375,48,20,ZCTA5 07067,18587,67.8,7.9,1.8,16.9,0.0,17.5,56.4,43.6
07068,0.0079,0.0004316666666666667,4,20,ZCTA5 07068,6268,84.8,0.4,0.0,17.7,0.4,6.2,71.1,28.900000000000006
07069,0.0275,0.0003753125,63,20,ZCTA5 07069,6623,83.9,3.2,0.3,16.3,0.0,8.6,69.9,30.099999999999994
07070,0.014,0.0011375,48,20,ZCTA5 07070,18894,78.6,5.1,0.7,14.8,0.2,20.8,59.8,40.2
07071,0.008,0.0009062499999999999,13,20,ZCTA5 07071,22463,81.1,6.1,0.7,6.3,0.4,29.1,60.6,39.4
07072,0.014,0.0011375,48,20,ZCTA5 07072,6378,82.6,0.0,1.4,15.3,0.0,23.0,59.1,40.9
07073,0.014,0.0011375,48,20,ZCTA5 07073,10313,63.6,6.9,1.0,18.0,0.0,22.7,51.7,48.3
07074,0.014,0.0011375,48,20,ZCTA5 07074,3126,67.1,0.5,1.4,17.2,0.0,45.7,35.0,65.0
07075,0.014,0.0011375,48,20,ZCTA5 07075,10218,58.2,8.5,1.1,22.0,0.0,20.9,49.0,51.0
07076,0.0075,0.00025416666666666665,19,20,ZCTA5 07076,24843,76.2,13.4,1.0,15.5,0.0,13.8,59.6,40.4
07077,0.019,0.002175,23,20,ZCTA5 07077,3248,60.9,22.6,0.2,12.5,0.0,24.7,46.4,53.6
07078,0.0275,0.00045875000000000006,47,20,ZCTA5 07078,14613,56.1,2.2,0.3,42.9,0.2,4.4,49.9,50.1
07079,0.0275,0.00044985294117647057,52,20,ZCTA5 07079,18539,72.8,22.0,0.9,9.2,0.2,9.6,60.8,39.2
07080,0.0075,0.0002532142857142857,30,20,ZCTA5 07080,24411,59.8,11.2,1.3,22.4,0.0,17.0,48.0,52.0
07081,0.0275,0.000448,44,20,ZCTA5 07081,17171,69.7,11.1,0.2,10.1,0.1,17.8,60.8,39.2
07083,0.0275,0.0003753125,63,20,ZCTA5 07083,58170,38.7,40.6,1.2,11.8,0.1,19.3,27.9,72.1
07087,0.014,0.0011375,48,20,ZCTA5 07087,66463,47.1,9.7,3.4,4.5,0.2,81.8,9.5,90.5
07088,0.0275,0.000448,44,20,ZCTA5 07088,2901,9.2,72.8,0.6,3.3,0.0,18.8,7.1,92.9
07090,0.0075,0.00025416666666666665,19,20,ZCTA5 07090,31111,85.2,4.1,0.5,11.3,0.2,8.0,76.5,23.5
07092,0.0075,0.00025416666666666665,19,20,ZCTA5 07092,7049,84.1,2.8,0.0,13.0,0.0,13.2,71.3,28.700000000000003
07093,0.014,0.0011375,48,20,ZCTA5 07093,63758,51.4,8.1,3.6,8.6,0.1,74.2,13.6,86.4
07094,0.014,0.0011375,48,20,ZCTA5 07094,21778,50.8,9.0,2.2,37.5,0.0,18.3,33.7,66.3
07095,0.0073,0.0002515,11,20,ZCTA5 07095,20756,53.5,12.2,1.8,26.5,0.0,24.6,38.0,62.0
07102,0.0053,0.00012000000000000002,4,20,ZCTA5 07102,12358,25.9,53.9,1.0,8.9,0.2,19.4,15.0,85.0
07109,0.0053,8.64864864864865e-05,4,20,ZCTA5 07109,37984,54.3,10.2,0.9,10.7,0.3,51.9,29.2,70.8
07110,0.0053,0.00012000000000000002,4,20,ZCTA5 07110,29980,75.3,3.8,1.0,14.0,0.0,20.9,60.1,39.9
07111,0.0275,0.000448,44,20,ZCTA5 07111,60867,6.9,87.2,0.7,1.2,0.3,12.3,1.6,98.4
07201,0.0053,0.00014625,8,20,ZCTA5 07201,28467,46.9,26.3,3.9,1.5,0.0,66.2,9.0,91.0
07202,0.0045,0.00019875,4,20,ZCTA5 07202,44968,36.4,15.9,2.2,2.5,0.1,70.3,12.2,87.8
07203,0.0075,0.00025416666666666665,19,20,ZCTA5 07203,22646,28.6,45.9,2.9,1.9,0.1,44.2,11.3,88.7
07204,0.0075,0.00025416666666666665,19,20,ZCTA5 07204,14093,61.2,11.8,0.4,15.0,0.0,32.2,40.3,59.7
07206,0.0045,0.00019875,4,20,ZCTA5 07206,31930,22.7,21.7,0.8,2.0,0.2,71.2,7.4,92.6
07208,0.0045,0.00019875,4,20,ZCTA5 07208,31937,49.8,19.7,3.2,3.5,0.0,60.6,19.2,80.8
07302,0.0092,0.0010584415584415584,15,20,ZCTA5 07302,56220,53.9,7.2,0.8,37.3,0.0,14.5,40.1,59.9
07304,0.0092,0.0010584415584415584,15,20,ZCTA5 07304,51306,34.3,38.9,2.0,15.4,0.1,28.8,18.4,81.6
07305,0.0092,0.0010584415584415584,15,20,ZCTA5 07305,72161,24.0,44.9,1.7,18.6,0.3,29.8,10.6,89.4
07306,0.0092,0.0010584415584415584,15,20,ZCTA5 07306,54017,39.2,15.4,1.9,37.7,0.1,24.2,23.9,76.1
07307,0.0092,0.0010584415584415584,15,20,ZCTA5 07307,42645,49.5,9.5,2.8,25.9,0.5,39.2,28.0,72.0
07310,0.0092,0.0010584415584415584,15,20,ZCTA5 07310,16015,34.8,3.7,2.4,59.6,0.3,7.2,26.0,74.0
07311,0.0092,0.0010584415584415584,15,20,ZCTA5 07311,1714,43.5,12.3,0.0,54.3,1.1,10.4,24.6,75.4
07401,0.0178,0.0010493750000000002,78,20,ZCTA5 07401,6865,81.1,1.0,0.0,22.1,0.0,3.1,73.1,26.900000000000006
07403,0.0079,0.00035125,4,20,ZCTA5 07403,7685,86.8,3.3,0.8,4.1,0.5,22.3,72.6,27.400000000000006
07405,0.009,0.00044124999999999996,5,20,ZCTA5 07405,17983,88.3,2.6,0.5,6.2,0.0,14.7,76.3,23.700000000000003
07407,0.0093,0.0004325,6,20,ZCTA5 07407,21412,61.6,13.2,0.7,10.5,0.2,29.5,48.6,51.4
07410,0.013,0.0011394999999999999,35,20,ZCTA5 07410,35610,76.1,6.7,0.8,15.5,0.1,13.7,64.9,35.099999999999994
07416,0.0,0.0,0,20,ZCTA5 07416,5851,89.5,3.7,6.3,0.1,0.0,18.2,72.7,27.299999999999997
07417,0.023,0.0013490740740740742,110,20,ZCTA5 07417,11112,79.6,7.0,0.1,15.2,0.0,7.9,71.2,28.799999999999997
07419,0.0109,0.000775,14,20,ZCTA5 07419,9693,87.3,5.4,1.8,3.2,0.0,20.1,71.3,28.700000000000003
07423,0.0304,0.00409375,68,20,ZCTA5 07423,4270,84.8,1.0,0.3,17.0,0.0,6.0,74.2,25.799999999999997
07424,0.0119,0.0008590000000000001,57,20,ZCTA5 07424,28085,77.6,5.2,0.8,9.3,0.1,24.8,60.7,39.3
07430,0.0136,0.0009456,80,20,ZCTA5 07430,25491,82.7,2.8,0.8,15.2,0.2,7.6,73.8,26.200000000000003
07432,0.0314,0.002871842105263158,249,20,ZCTA5 07432,7019,94.3,1.7,0.6,3.2,0.0,11.1,82.9,17.099999999999994
07436,0.023,0.002043571428571429,34,20,ZCTA5 07436,12740,90.3,3.2,1.1,5.7,0.1,11.5,77.7,22.299999999999997
07438,0.0167,0.0012825,23,20,ZCTA5 07438,11160,92.1,7.2,1.8,2.6,0.0,11.0,78.4,21.599999999999994
07440,0.0053,8e-05,4,20,ZCTA5 07440,4670,96.5,1.1,0.0,6.2,0.0,14.4,79.4,20.599999999999994
07442,0.023,0.0012092307692307693,38,20,ZCTA5 07442,11047,90.3,2.8,1.4,6.2,0.0,17.0,73.0,27.0
07444,0.0,0.0,0,20,ZCTA5 07444,10971,95.0,3.0,0.7,1.9,0.5,6.9,87.1,12.900000000000006
07446,0.0136,0.0009246428571428572,41,20,ZCTA5 07446,14805,84.1,4.0,2.8,10.4,0.0,13.8,69.2,30.799999999999997
07450,0.0314,0.002871842105263158,249,20,ZCTA5 07450,26308,79.1,4.3,0.9,18.5,0.1,10.8,64.8,35.2
07452,0.0314,0.002871842105263158,249,20,ZCTA5 07452,12154,81.8,1.4,0.6,16.7,0.2,6.4,75.1,24.900000000000006
07456,0.0123,0.0013,41,20,ZCTA5 07456,11657,92.9,3.1,2.4,3.8,0.6,10.4,81.1,18.900000000000006
07457,0.0,0.0,0,20,ZCTA5 07457,4112,94.1,0.9,1.1,5.1,0.0,10.4,81.1,18.900000000000006
07458,0.0304,0.0017454411764705883,157,20,ZCTA5 07458,11828,82.2,2.4,0.9,15.7,0.1,5.9,74.1,25.900000000000006
07461,0.0,0.0,0,20,ZCTA5 07461,18731,92.7,4.0,2.7,1.7,0.0,10.3,81.7,18.299999999999997
07462,0.0109,0.00053125,6,20,ZCTA5 07462,7195,95.6,2.1,1.8,1.5,0.0,12.8,81.7,18.299999999999997
07463,0.0243,0.003317,34,20,ZCTA5 07463,10164,90.6,2.1,1.1,7.8,0.0,16.5,74.7,25.299999999999997
07465,0.0148,0.0010115,29,20,ZCTA5 07465,5921,91.4,1.8,0.0,5.6,0.0,11.0,80.8,19.200000000000003
07470,0.023,0.0008292105263157895,40,20,ZCTA5 07470,54112,83.7,3.5,0.4,10.7,0.0,13.5,71.4,28.599999999999994
07480,0.009,0.00044124999999999996,5,20,ZCTA5 07480,14966,89.7,4.5,0.6,2.0,0.5,14.2,77.5,22.5
07481,0.0314,0.002871842105263158,249,20,ZCTA5 07481,17050,92.1,1.5,0.5,7.4,0.0,7.3,83.6,16.400000000000006
07501,0.0119,0.00197875,23,20,ZCTA5 07501,35481,15.8,26.4,2.1,1.9,0.2,71.1,5.4,94.6
07502,0.0119,0.00197875,23,20,ZCTA5 07502,17158,44.0,16.2,0.4,21.7,0.0,51.0,9.9,90.1
07503,0.0119,0.00197875,23,20,ZCTA5 07503,19170,46.9,11.0,1.8,0.2,0.0,58.2,31.8,68.2
07504,0.0119,0.00197875,23,20,ZCTA5 07504,13123,32.4,44.1,0.0,0.4,0.0,58.9,1.1,98.9
07505,0.0119,0.00197875,23,20,ZCTA5 07505,4691,73.5,21.5,0.4,2.3,0.0,68.4,8.9,91.1
07506,0.0093,0.00030812499999999997,7,20,ZCTA5 07506,19628,87.2,3.5,1.0,2.7,0.0,26.1,65.4,34.599999999999994
07508,0.0119,0.0015362499999999999,37,20,ZCTA5 07508,23762,66.1,17.5,1.8,8.3,0.0,43.1,36.7,63.3
07512,0.0119,0.001175,29,20,ZCTA5 07512,10959,79.0,7.4,0.1,9.2,0.0,25.7,56.9,43.1
07513,0.0119,0.00197875,23,20,ZCTA5 07513,11576,22.0,22.4,0.8,0.1,0.3,77.0,2.6,97.4
07514,0.0119,0.00197875,23,20,ZCTA5 07514,20647,17.2,31.6,0.6,1.7,0.4,64.0,4.3,95.7
07522,0.0119,0.00197875,23,20,ZCTA5 07522,23040,41.8,31.2,2.0,9.8,0.1,58.3,3.9,96.1
07524,0.0119,0.00197875,23,20,ZCTA5 07524,13808,51.2,23.9,0.4,0.1,0.0,78.2,0.8,99.2
07603,0.014,0.0011375,48,20,ZCTA5 07603,9360,55.7,13.4,2.3,10.5,0.0,49.0,30.7,69.3
07604,0.014,0.0011375,48,20,ZCTA5 07604,12115,75.7,3.8,1.1,12.1,0.3,21.4,61.5,38.5
07605,0.014,0.0011375,48,20,ZCTA5 07605,9379,50.4,10.3,0.3,39.0,0.3,25.6,30.2,69.8
07606,0.014,0.0011375,48,20,ZCTA5 07606,2770,72.8,6.7,0.0,5.2,0.9,55.5,36.1,63.9
07607,0.014,0.0011375,48,20,ZCTA5 07607,10093,66.6,7.1,0.3,18.9,0.0,27.3,48.4,51.6
07608,0.014,0.0011375,48,20,ZCTA5 07608,136,61.0,2.9,0.0,25.7,0.0,55.1,25.7,74.3
07620,0.014,0.0011375,48,20,ZCTA5 07620,1588,67.4,4.0,0.4,31.1,0.0,4.4,59.5,40.5
07621,0.014,0.0011375,48,20,ZCTA5 07621,28450,52.5,11.6,1.2,26.7,0.4,33.0,32.7,67.3
07624,0.014,0.0011375,48,20,ZCTA5 07624,8606,57.1,5.4,5.4,34.0,0.0,11.1,48.8,51.2
07626,0.014,0.0011375,48,20,ZCTA5 07626,9174,66.6,3.6,0.1,30.4,0.0,11.5,56.4,43.6
07627,0.014,0.0011375,48,20,ZCTA5 07627,4911,73.3,5.2,0.0,20.5,0.0,6.0,68.4,31.599999999999994
07628,0.014,0.0011375,48,20,ZCTA5 07628,18279,67.3,6.6,0.8,20.5,0.0,27.0,48.3,51.7
07630,0.014,0.0011375,48,20,ZCTA5 07630,7305,78.2,3.6,0.2,17.1,0.0,10.7,69.6,30.400000000000006
07631,0.014,0.0011375,48,20,ZCTA5 07631,29638,47.3,22.0,0.8,15.5,0.1,33.5,26.1,73.9
07632,0.014,0.0011375,48,20,ZCTA5 07632,5362,50.1,1.7,0.0,50.3,0.0,5.4,42.2,57.8
07640,0.014,0.0011375,48,20,ZCTA5 07640,4954,76.2,0.0,1.3,24.1,0.0,6.7,68.5,31.5
07641,0.014,0.0011375,48,20,ZCTA5 07641,3363,80.0,2.9,0.1,23.7,0.1,10.3,62.1,37.9
07642,0.014,0.0011375,48,20,ZCTA5 07642,10144,89.8,1.7,0.4,9.8,0.0,9.8,78.9,21.099999999999994
07643,0.014,0.0011375,48,20,ZCTA5 07643,10996,60.2,4.3,1.8,21.4,0.0,37.6,37.2,62.8
07644,0.014,0.001086875,61,20,ZCTA5 07644,26082,66.5,13.4,2.6,7.9,0.2,39.0,42.7,57.3
07645,0.014,0.0011375,48,20,ZCTA5 07645,8901,79.0,5.9,0.2,14.9,0.2,8.9,69.4,30.599999999999994
07646,0.014,0.0011375,48,20,ZCTA5 07646,16995,63.3,7.6,2.2,23.0,0.0,20.5,48.9,51.1
07647,0.014,0.0011375,48,20,ZCTA5 07647,5288,60.9,1.1,1.0,34.6,0.5,12.8,50.5,49.5
07648,0.014,0.0011375,48,20,ZCTA5 07648,5724,65.0,2.9,0.0,33.7,0.0,10.5,55.9,44.1
07649,0.014,0.0011375,48,20,ZCTA5 07649,8235,83.7,2.5,0.4,14.5,0.0,6.6,74.9,25.099999999999994
07650,0.014,0.0011375,48,20,ZCTA5 07650,20290,30.1,4.6,0.2,55.2,0.1,22.3,19.2,80.8
07652,0.014,0.0011375,48,20,ZCTA5 07652,26568,64.5,5.9,0.7,27.0,0.0,13.0,54.1,45.9
07656,0.0172,0.0006188461538461539,51,20,ZCTA5 07656,9406,88.1,2.9,0.2,4.2,0.0,15.8,77.9,22.099999999999994
07657,0.014,0.0011375,48,20,ZCTA5 07657,11498,58.9,5.1,3.1,24.2,0.0,37.8,32.5,67.5
07660,0.014,0.0011375,48,20,ZCTA5 07660,13235,67.9,14.1,2.6,7.6,0.0,50.0,32.1,67.9
07661,0.014,0.0011375,48,20,ZCTA5 07661,12091,63.6,6.1,0.8,32.9,0.0,11.4,50.3,49.7
07662,0.014,0.0011375,48,20,ZCTA5 07662,5869,71.5,4.9,0.5,12.9,0.2,26.1,57.2,42.8
07663,0.0107,0.001232258064516129,13,20,ZCTA5 07663,14419,81.6,7.1,0.6,11.3,0.0,24.2,60.0,40.0
07666,0.014,0.0011375,48,20,ZCTA5 07666,41876,51.7,26.6,0.7,11.3,0.1,26.6,38.2,61.8
07670,0.014,0.0011375,48,20,ZCTA5 07670,15319,60.3,4.6,0.5,38.6,0.0,8.4,50.6,49.4
07675,0.014,0.0011375,48,20,ZCTA5 07675,27349,74.6,4.8,1.1,19.7,0.0,14.9,60.1,39.9
07677,0.0172,0.0006188461538461539,51,20,ZCTA5 07677,6152,81.9,1.5,0.4,11.0,0.4,8.0,72.6,27.400000000000006
07701,0.0092,0.0003059782608695652,60,20,ZCTA5 07701,24376,84.8,5.2,3.0,1.9,0.0,19.0,74.0,26.0
07702,0.0092,0.0002578947368421053,42,20,ZCTA5 07702,4179,90.5,4.2,0.6,4.8,0.0,3.9,85.1,14.900000000000006
07704,0.0092,0.0003059782608695652,60,20,ZCTA5 07704,6170,97.0,2.6,0.0,1.2,0.0,1.0,93.0,7.0
07711,0.0092,0.0002578947368421053,42,20,ZCTA5 07711,1641,98.8,1.6,1.7,1.3,0.0,12.5,71.0,29.0
07712,0.0092,0.0002578947368421053,42,20,ZCTA5 07712,40194,66.0,20.2,2.0,4.8,0.2,18.6,56.6,43.4
07716,0.0092,0.000245,42,20,ZCTA5 07716,8893,92.7,3.4,0.9,3.0,0.0,3.8,87.8,12.200000000000003
07717,0.0067,0.0003575,10,20,ZCTA5 07717,2030,99.1,0.0,0.1,0.8,0.0,2.1,95.4,4.599999999999994
07718,0.0092,0.0002578947368421053,42,20,ZCTA5 07718,6658,97.0,1.6,0.8,4.4,0.4,9.1,84.8,15.200000000000003
07719,0.0066,0.0003133333333333333,27,20,ZCTA5 07719,22138,92.6,1.7,0.6,2.1,0.0,9.5,85.4,14.599999999999994
07720,0.0092,0.0002578947368421053,42,20,ZCTA5 07720,4158,88.8,2.3,0.0,4.2,0.0,11.7,80.8,19.200000000000003
07721,0.0083,0.00019541666666666666,10,20,ZCTA5 07721,4277,48.1,22.2,1.3,19.3,0.0,17.8,37.2,62.8
07722,0.0092,0.0002578947368421053,42,20,ZCTA5 07722,9990,95.3,0.7,0.6,4.5,0.0,6.8,84.9,15.099999999999994
07723,0.0092,0.0002578947368421053,42,20,ZCTA5 07723,884,90.8,1.8,0.6,10.9,0.0,12.0,75.2,24.799999999999997
07724,0.0092,0.0002578947368421053,42,20,ZCTA5 07724,24016,76.8,12.2,1.8,12.5,0.0,10.6,64.7,35.3
07726,0.0114,0.0002996875,35,20,ZCTA5 07726,44764,85.9,3.8,0.4,9.2,0.0,10.0,76.3,23.700000000000003
07728,0.0092,0.00025340000000000003,52,20,ZCTA5 07728,55984,81.5,6.1,1.4,6.1,0.0,19.3,67.9,32.099999999999994
07730,0.0065,0.0003075,11,20,ZCTA5 07730,17534,92.0,2.6,0.5,3.8,0.8,14.7,77.8,22.200000000000003
07731,0.01,0.0002527380952380952,45,20,ZCTA5 07731,40322,83.8,6.5,0.7,4.9,0.0,17.6,71.2,28.799999999999997
07732,0.0092,0.0002578947368421053,42,20,ZCTA5 07732,4527,89.3,10.8,1.7,0.8,0.1,7.8,80.4,19.599999999999994
07733,0.0092,0.0002665217391304348,53,20,ZCTA5 07733,17166,80.6,1.7,1.7,18.4,0.0,5.2,72.6,27.400000000000006
07734,0.0083,0.00036250000000000003,9,20,ZCTA5 07734,12925,77.3,8.9,0.3,2.2,0.0,24.5,63.5,36.5
07735,0.0119,0.0003326190476190476,27,20,ZCTA5 07735,19159,83.9,8.9,0.5,5.1,0.1,19.2,64.9,35.099999999999994
07737,0.0092,0.0002578947368421053,42,20,ZCTA5 07737,3945,93.6,3.2,0.7,3.4,0.0,11.1,80.9,19.099999999999994
07738,0.0092,0.0002578947368421053,42,20,ZCTA5 07738,6939,91.0,2.4,0.0,7.4,0.0,8.2,80.1,19.900000000000006
07739,0.0092,0.0002578947368421053,42,20,ZCTA5 07739,6105,99.5,0.0,0.0,0.8,0.0,2.1,96.1,3.9000000000000057
07740,0.0092,0.0002578947368421053,42,20,ZCTA5 07740,32917,68.2,13.1,4.6,3.3,0.1,24.9,51.4,48.6
07746,0.0114,0.00025374999999999996,19,20,ZCTA5 07746,18476,77.3,2.4,0.7,20.2,0.0,4.0,71.9,28.099999999999994
07747,0.065,0.000299,64,20,ZCTA5 07747,32330,80.3,11.8,1.1,10.2,0.2,12.4,66.0,34.0
07748,0.0092,0.0002578947368421053,42,20,ZCTA5 07748,28633,93.6,2.5,1.4,3.3,0.0,11.5,80.8,19.200000000000003
07750,0.0092,0.0002578947368421053,42,20,ZCTA5 07750,3207,92.8,1.9,0.0,3.7,0.0,7.4,86.7,13.299999999999997
07751,0.0065,0.00010687500000000001,4,20,ZCTA5 07751,21109,66.1,2.5,0.9,29.8,0.1,6.3,58.1,41.9
07753,0.0123,0.00033525,52,20,ZCTA5 07753,37297,61.0,30.1,2.5,4.9,0.9,15.3,50.4,49.6
07755,0.0092,0.0002578947368421053,42,20,ZCTA5 07755,5613,91.0,6.2,0.1,1.6,4.5,5.2,74.2,25.799999999999997
07756,0.0092,0.0002578947368421053,42,20,ZCTA5 07756,3092,96.4,1.0,0.2,2.2,0.0,3.8,92.5,7.5
07757,0.0092,0.0002578947368421053,42,20,ZCTA5 07757,6195,95.6,1.8,0.1,1.0,0.0,5.3,88.9,11.099999999999994
07758,0.0092,0.0002578947368421053,42,20,ZCTA5 07758,4076,90.8,3.0,1.4,7.2,0.1,10.8,75.4,24.599999999999994
07760,0.0092,0.0002578947368421053,42,20,ZCTA5 07760,9692,97.8,0.5,0.3,1.5,0.0,3.8,90.8,9.200000000000003
07762,0.0068,0.0001564285714285714,10,20,ZCTA5 07762,8262,98.1,1.2,0.2,1.4,0.0,5.1,91.5,8.5
07764,0.0092,0.0002578947368421053,42,20,ZCTA5 07764,8586,86.9,5.8,1.0,2.2,0.0,9.1,76.9,23.099999999999994
07801,0.0142,0.0018775,38,20,ZCTA5 07801,27128,47.8,9.1,0.5,4.7,0.1,66.0,20.9,79.1
07803,0.0,0.0,0,20,ZCTA5 07803,4048,71.4,4.3,0.7,13.6,5.2,32.2,48.0,52.0
07820,0.0033,8.25e-05,1,20,ZCTA5 07820,0,-,-,-,-,-,-,,
07821,0.0,0.0,0,20,ZCTA5 07821,9662,97.2,1.1,0.7,2.6,0.0,9.2,85.5,14.5
07828,0.0086,0.0006531481481481481,69,20,ZCTA5 07828,15461,73.3,12.1,0.4,9.0,0.0,19.7,58.1,41.9
07830,0.0055,0.0001575,4,20,ZCTA5 07830,7379,89.3,6.4,0.4,2.8,0.2,6.1,81.4,18.599999999999994
07832,0.0,0.0,0,20,ZCTA5 07832,3593,94.4,2.6,0.2,1.4,0.0,11.0,83.3,16.700000000000003
07834,0.012,0.0009285000000000001,32,20,ZCTA5 07834,18385,88.6,4.5,0.7,9.4,0.0,10.1,75.5,24.5
07836,0.0073,0.00044062500000000004,29,20,ZCTA5 07836,11694,84.2,6.1,0.1,10.3,0.0,16.9,67.9,32.099999999999994
07838,0.0033,8.25e-05,1,20,ZCTA5 07838,3727,98.7,1.0,0.2,1.1,0.0,3.3,91.6,8.400000000000006
07840,0.0097,0.00021807692307692308,21,20,ZCTA5 07840,32105,81.9,8.5,1.8,6.5,0.0,18.1,68.2,31.799999999999997
07843,0.0116,0.0006053435114503817,23,20,ZCTA5 07843,11098,84.6,4.7,1.6,3.0,0.0,23.6,67.5,32.5
07847,0.0041,1.7083333333333336e-05,1,20,ZCTA5 07847,1776,78.7,10.0,1.1,3.8,0.0,16.2,70.6,29.400000000000006
07849,0.0098,0.0013162500000000001,18,20,ZCTA5 07849,8380,86.8,2.4,0.9,8.5,0.0,14.0,73.6,26.400000000000006
07850,0.0056,0.0003475,6,20,ZCTA5 07850,6828,82.0,11.4,1.3,5.6,0.0,21.5,60.7,39.3
07852,0.0056,9.968749999999999e-05,7,20,ZCTA5 07852,4233,81.9,3.9,0.4,14.0,0.0,13.8,67.1,32.900000000000006
07853,0.0097,0.0002931818181818182,24,20,ZCTA5 07853,12339,93.0,1.3,0.1,6.0,0.1,8.3,82.7,17.299999999999997
07856,0.0,0.0,0,20,ZCTA5 07856,4774,83.4,8.8,0.9,4.0,0.0,11.7,75.2,24.799999999999997
07857,0.0086,0.0009625,21,20,ZCTA5 07857,3728,75.9,7.2,1.7,3.5,0.0,27.2,58.4,41.6
07860,0.0,0.0,0,20,ZCTA5 07860,26047,92.4,3.8,1.8,2.6,0.0,7.0,82.0,18.0
07863,0.0071,0.00024125,11,20,ZCTA5 07863,3819,93.6,2.1,0.3,2.5,0.1,8.5,84.7,15.299999999999997
07865,0.0071,0.00024125,11,20,ZCTA5 07865,2825,90.9,5.0,0.3,1.1,0.0,13.1,73.7,26.299999999999997
07866,0.0142,0.0015841666666666667,63,20,ZCTA5 07866,22663,90.0,2.6,0.8,6.6,0.0,16.4,73.4,26.599999999999994
07869,0.0275,0.0004457954545454545,67,20,ZCTA5 07869,26022,80.1,5.1,0.3,11.5,0.3,18.1,63.1,36.9
07871,0.0144,0.0009548076923076923,85,20,ZCTA5 07871,21437,90.3,1.4,2.2,6.3,0.0,9.0,81.0,19.0
07874,0.0122,0.0008318749999999999,22,20,ZCTA5 07874,8752,90.1,1.7,0.8,1.8,0.0,19.0,74.8,25.200000000000003
07876,0.0,0.0,0,20,ZCTA5 07876,9641,87.4,4.0,0.5,6.3,0.0,11.4,77.7,22.299999999999997
07882,0.0071,0.00024125,11,20,ZCTA5 07882,15115,82.0,6.8,0.5,6.3,1.6,13.1,73.8,26.200000000000003
07885,0.0098,0.000681,26,20,ZCTA5 07885,11806,86.6,4.8,1.9,1.6,0.0,36.1,58.3,41.7
07901,0.0275,0.000448,44,20,ZCTA5 07901,24314,77.6,8.3,0.2,9.9,0.1,13.2,66.5,33.5
07920,0.0275,0.000448,44,20,ZCTA5 07920,28753,72.5,1.3,0.6,27.5,0.0,5.9,64.8,35.2
07921,0.0275,0.0003753125,63,20,ZCTA5 07921,7700,83.8,3.9,0.9,15.2,0.2,10.8,69.9,30.099999999999994
07922,0.0275,0.000448,44,20,ZCTA5 07922,12195,76.8,3.3,0.3,21.3,0.0,5.9,69.5,30.5
07924,0.0275,0.000448,44,20,ZCTA5 07924,7713,91.7,1.3,0.4,2.5,0.0,9.5,85.0,15.0
07926,0.0275,0.000448,44,20,ZCTA5 07926,161,62.1,0.0,0.0,0.0,0.0,75.8,24.2,75.8
07927,0.0157,0.0007134090909090909,48,20,ZCTA5 07927,4882,80.2,0.5,5.3,20.7,0.0,13.7,65.6,34.400000000000006
07928,0.0275,0.00041999999999999996,44,20,ZCTA5 07928,19974,83.3,1.0,0.4,16.4,0.0,5.0,76.0,24.0
07930,0.0275,0.0004030357142857143,77,20,ZCTA5 07930,8648,95.4,1.7,0.1,4.0,0.0,3.9,88.7,11.299999999999997
07931,0.0275,0.000448,44,20,ZCTA5 07931,2985,91.3,1.4,0.0,5.1,0.0,5.1,87.6,12.400000000000006
07932,0.0275,0.0004604054054054054,51,20,ZCTA5 07932,11977,77.0,8.3,0.2,13.4,0.0,6.4,67.7,32.3
07933,0.0275,0.000448,44,20,ZCTA5 07933,2995,93.4,2.8,1.0,8.3,1.0,18.8,70.5,29.5
07934,0.0275,0.000448,44,20,ZCTA5 07934,1293,91.6,2.7,0.0,5.3,0.0,5.8,85.1,14.900000000000006
07935,0.0275,0.000448,44,20,ZCTA5 07935,584,90.1,0.0,1.0,4.1,0.0,4.8,90.1,9.900000000000006
07936,0.0275,0.0005974444444444444,82,20,ZCTA5 07936,11152,82.9,4.8,0.1,14.1,0.0,10.4,71.0,29.0
07939,0.0275,0.000448,44,20,ZCTA5 07939,322,66.5,33.5,0.0,0.0,0.0,1.2,65.2,34.8
07940,0.0275,0.00045039473684210525,58,20,ZCTA5 07940,17610,87.6,4.7,0.4,8.8,0.7,13.5,72.4,27.599999999999994
07945,0.0275,0.000336,44,20,ZCTA5 07945,9690,90.5,0.4,0.0,7.2,0.0,7.2,79.7,20.299999999999997
07946,0.0275,0.000448,44,20,ZCTA5 07946,2982,92.6,0.7,0.5,10.4,0.0,7.2,81.4,18.599999999999994
07950,0.0157,0.0008454901960784313,148,20,ZCTA5 07950,21651,72.3,3.1,0.3,24.2,0.0,9.2,61.2,38.8
07960,0.0275,0.0005602884615384616,92,20,ZCTA5 07960,46702,83.1,5.9,0.5,7.8,0.1,19.0,66.2,33.8
07970,0.0,0.0,0,20,ZCTA5 07970,215,100.0,0.0,0.0,0.0,0.0,0.0,93.5,6.5
07974,0.0275,0.000448,44,20,ZCTA5 07974,13349,79.7,3.7,2.6,18.8,0.1,7.9,68.1,31.900000000000006
07977,0.0075,0.00025416666666666665,19,20,ZCTA5 07977,917,85.6,5.6,0.9,3.7,0.0,15.4,71.2,28.799999999999997
07979,0.0075,0.00025416666666666665,19,20,ZCTA5 07979,214,91.6,6.5,0.0,1.9,0.0,0.0,91.6,8.400000000000006
07980,0.0275,0.000448,44,20,ZCTA5 07980,2675,90.2,0.9,0.0,7.2,0.0,13.3,79.5,20.5
07981,0.0157,0.0007134090909090909,48,20,ZCTA5 07981,9030,80.7,0.9,0.1,14.5,0.0,10.9,67.8,32.2
08002,0.012,0.0001838827838827839,27,20,ZCTA5 08002,24015,71.8,12.8,0.7,14.0,0.1,9.9,62.2,37.8
08003,0.0049,4.3214285714285716e-05,6,20,ZCTA5 08003,31809,76.3,5.9,0.7,17.6,0.2,7.0,68.7,31.299999999999997
08004,0.0049,4.3214285714285716e-05,6,20,ZCTA5 08004,11429,83.4,13.5,0.3,1.7,0.3,9.0,73.1,26.900000000000006
08005,0.0,0.0,0,20,ZCTA5 08005,26866,95.1,3.1,0.5,2.8,0.2,8.7,84.4,15.599999999999994
08006,0.0,0.0,0,20,ZCTA5 08006,500,82.8,0.0,0.0,15.2,0.0,2.4,79.8,20.200000000000003
08007,0.0049,4.3214285714285716e-05,6,20,ZCTA5 08007,5417,92.5,3.6,1.8,5.7,0.0,1.0,88.1,11.900000000000006
08008,0.0,0.0,0,20,ZCTA5 08008,6837,96.0,0.3,0.0,3.0,0.0,3.8,91.9,8.099999999999994
08009,0.0061,0.000185,8,20,ZCTA5 08009,14346,75.3,17.1,0.2,5.0,0.3,12.0,65.9,34.099999999999994
08010,0.0049,4.3214285714285716e-05,6,20,ZCTA5 08010,11861,62.4,32.0,4.6,2.8,0.8,14.6,50.2,49.8
08012,0.0109,0.00011451219512195122,18,20,ZCTA5 08012,41812,78.6,15.0,0.5,6.2,0.1,9.3,69.8,30.200000000000003
08015,0.0,0.0,0,20,ZCTA5 08015,19567,71.7,17.8,0.9,6.7,0.4,16.4,61.0,39.0
08016,0.0185,0.0006925,22,20,ZCTA5 08016,34920,54.1,41.1,1.9,7.2,0.4,9.0,43.4,56.6
08020,0.0733,0.00033662280701754385,16,20,ZCTA5 08020,2480,92.8,0.8,2.2,0.0,0.0,8.1,85.4,14.599999999999994
08021,0.0049,2.793650793650794e-05,9,20,ZCTA5 08021,49305,53.8,33.5,2.5,4.2,0.0,21.8,42.7,57.3
08022,0.0051,0.0001355,6,20,ZCTA5 08022,9172,82.0,20.5,0.1,2.9,0.0,7.9,69.7,30.299999999999997
08023,0.037,0.0029458333333333333,22,20,ZCTA5 08023,375,100.0,0.0,0.0,0.0,0.0,0.0,100.0,0.0
08026,0.0049,4.3214285714285716e-05,6,20,ZCTA5 08026,2435,85.0,8.8,1.2,6.5,0.2,8.9,76.1,23.900000000000006
08027,0.0,0.0,0,20,ZCTA5 08027,4984,86.5,6.3,0.5,2.0,0.0,10.8,80.4,19.599999999999994
08028,0.0109,0.00027705882352941177,37,20,ZCTA5 08028,25098,68.6,19.4,0.9,7.9,0.0,12.0,61.9,38.1
08030,0.0153,7e-05,8,20,ZCTA5 08030,13217,73.5,16.0,1.1,4.9,0.0,22.8,60.1,39.9
08031,0.0049,3.78125e-05,6,20,ZCTA5 08031,11737,79.3,8.7,0.3,9.0,0.0,13.1,68.9,31.099999999999994
08032,0.0109,0.00011451219512195122,18,20,ZCTA5 08032,242,96.7,3.3,0.0,0.0,0.0,0.0,96.7,3.299999999999997
08033,0.0049,3.5588235294117644e-05,6,20,ZCTA5 08033,17763,96.0,1.7,1.3,3.6,0.0,4.4,87.7,12.299999999999997
08034,0.0049,4.3214285714285716e-05,6,20,ZCTA5 08034,20901,79.0,7.2,1.3,10.1,0.0,12.9,66.1,33.900000000000006
08035,0.0049,4.3214285714285716e-05,6,20,ZCTA5 08035,7551,96.1,2.0,0.2,2.8,0.0,4.2,89.6,10.400000000000006
08036,0.0051,0.0001355,6,20,ZCTA5 08036,6065,75.0,8.7,0.2,6.3,0.0,15.3,64.4,35.599999999999994
08037,0.0108,0.00031595238095238096,22,20,ZCTA5 08037,23514,83.7,4.3,1.6,0.9,0.0,20.7,73.6,26.400000000000006
08043,0.0061,8.052631578947368e-05,14,20,ZCTA5 08043,31191,69.9,9.3,1.1,20.8,0.2,6.3,63.1,36.9
08045,0.0049,4.3214285714285716e-05,6,20,ZCTA5 08045,3200,10.5,75.6,1.6,1.6,0.0,19.8,4.6,95.4
08046,0.0106,0.000525625,14,20,ZCTA5 08046,31981,22.3,78.7,2.5,1.8,0.2,15.1,9.4,90.6
08048,0.0051,0.0001355,6,20,ZCTA5 08048,12882,76.8,20.6,0.8,8.4,0.0,5.5,67.1,32.900000000000006
08049,0.0049,4.3214285714285716e-05,6,20,ZCTA5 08049,5282,73.2,19.7,0.2,7.7,0.0,15.3,61.7,38.3
08050,0.0,0.0,0,20,ZCTA5 08050,28053,95.1,1.1,0.1,2.4,0.4,8.9,86.2,13.799999999999997
08051,0.016,0.00021,18,20,ZCTA5 08051,12474,90.0,6.8,0.6,2.9,0.2,3.1,85.6,14.400000000000006
08052,0.007,0.00011897058823529411,18,20,ZCTA5 08052,20127,72.5,12.0,0.6,8.4,0.0,15.7,63.9,36.1
08053,0.0038,1.4423076923076923e-05,2,20,ZCTA5 08053,48179,86.7,6.1,1.0,8.2,0.3,6.4,78.8,21.200000000000003
08054,0.009,7.736111111111111e-05,11,20,ZCTA5 08054,46026,72.2,15.6,1.5,11.7,0.1,5.3,65.3,34.7
08055,0.0,0.0,0,20,ZCTA5 08055,29109,94.4,3.1,0.5,4.9,0.1,2.7,87.5,12.5
08056,0.0733,0.00038512658227848103,9,20,ZCTA5 08056,5434,91.7,5.0,0.5,4.7,0.0,5.2,86.0,14.0
08057,0.0059,0.0002,12,20,ZCTA5 08057,21529,80.7,5.4,0.6,13.5,0.1,5.3,73.8,26.200000000000003
08059,0.0049,4.3214285714285716e-05,6,20,ZCTA5 08059,5805,91.4,1.9,0.8,5.5,0.0,11.1,78.7,21.299999999999997
08060,0.0051,0.0001355,6,20,ZCTA5 08060,25835,63.8,36.6,2.1,6.3,0.1,11.5,48.2,51.8
08061,0.0733,0.000192989417989418,15,20,ZCTA5 08061,4508,87.6,14.0,0.0,3.1,0.0,5.1,78.0,22.0
08062,0.0054,0.00017352941176470587,5,20,ZCTA5 08062,17935,88.7,4.9,0.6,6.1,0.6,3.8,82.6,17.400000000000006
08063,0.016,0.0002976923076923077,11,20,ZCTA5 08063,3051,93.4,4.9,0.9,1.0,0.0,8.2,86.6,13.400000000000006
08065,0.0049,4.3214285714285716e-05,6,20,ZCTA5 08065,7485,72.3,14.9,1.5,5.5,0.8,13.5,62.7,37.3
08066,0.016,0.00026352941176470586,13,20,ZCTA5 08066,7760,59.9,40.2,1.4,3.0,0.0,17.7,40.3,59.7
08067,0.0032,5.166666666666667e-05,2,20,ZCTA5 08067,1711,88.2,8.2,2.1,0.9,0.0,6.1,82.2,17.799999999999997
08068,0.0,0.0,0,20,ZCTA5 08068,6613,63.5,27.8,2.3,7.2,0.0,16.5,49.4,50.6
08069,0.0032,5.166666666666667e-05,2,20,ZCTA5 08069,13413,60.8,29.5,1.0,2.9,0.6,25.0,47.3,52.7
08070,0.037,0.0029458333333333333,22,20,ZCTA5 08070,12511,90.9,4.5,0.5,1.6,1.1,6.8,84.7,15.299999999999997
08071,0.0056,0.00014214285714285712,14,20,ZCTA5 08071,9461,94.4,3.7,0.7,2.0,0.0,2.9,90.3,9.700000000000003
08075,0.0049,4.3214285714285716e-05,6,20,ZCTA5 08075,30615,79.8,13.1,1.0,3.9,0.1,9.7,67.4,32.599999999999994
08077,0.0049,4.3214285714285716e-05,6,20,ZCTA5 08077,20613,87.3,9.1,0.5,4.8,0.0,6.0,79.7,20.299999999999997
08078,0.0049,4.3214285714285716e-05,6,20,ZCTA5 08078,8051,83.1,13.1,1.0,3.3,0.1,13.2,72.5,27.5
08079,0.0047,0.00011750000000000001,1,20,ZCTA5 08079,10762,63.9,34.7,0.9,1.7,0.1,6.0,58.2,41.8
08080,0.0109,0.00016581395348837209,29,20,ZCTA5 08080,38159,88.1,7.6,0.9,4.8,0.0,5.8,81.1,18.900000000000006
08081,0.0109,0.00011451219512195122,18,20,ZCTA5 08081,50264,54.0,42.4,2.0,7.5,0.2,9.9,45.3,54.7
08083,0.0049,4.3214285714285716e-05,6,20,ZCTA5 08083,9606,68.1,25.5,1.1,6.1,1.0,9.6,60.3,39.7
08084,0.0049,4.3214285714285716e-05,6,20,ZCTA5 08084,7018,80.5,9.7,1.2,2.6,0.0,13.4,72.4,27.599999999999994
08085,0.0049,0.0001096875,8,20,ZCTA5 08085,22340,79.9,13.0,0.9,6.2,0.0,7.4,74.5,25.5
08086,0.016,0.0002976923076923077,11,20,ZCTA5 08086,9001,89.6,6.8,0.6,4.6,0.0,5.7,82.7,17.299999999999997
08087,0.0,0.0,0,20,ZCTA5 08087,25342,92.6,5.4,0.8,1.9,0.0,6.1,84.4,15.599999999999994
08088,0.0,0.0,0,20,ZCTA5 08088,24215,94.6,2.3,1.5,2.6,0.0,6.3,86.7,13.299999999999997
08090,0.0038,8.75e-05,4,20,ZCTA5 08090,9815,84.5,13.0,0.8,2.3,0.9,3.9,79.0,21.0
08091,0.0061,0.000185,8,20,ZCTA5 08091,5963,74.5,4.1,2.1,6.8,0.0,15.9,69.8,30.200000000000003
08093,0.0167,0.0003331325301204819,24,20,ZCTA5 08093,9438,76.2,18.6,1.7,3.2,0.0,10.8,66.9,33.099999999999994
08094,0.0075,5.4444444444444446e-05,4,20,ZCTA5 08094,41595,80.9,16.3,1.4,3.5,0.1,10.3,70.9,29.099999999999994
08096,0.016,0.00018282051282051282,28,20,ZCTA5 08096,35336,76.8,18.7,1.2,4.5,0.0,14.7,63.7,36.3
08097,0.0038,8.75e-05,4,20,ZCTA5 08097,3062,94.4,3.4,0.1,2.6,0.7,4.0,87.6,12.400000000000006
08098,0.0,0.0,0,20,ZCTA5 08098,9680,84.4,12.9,0.6,0.9,0.0,10.3,75.9,24.099999999999994
08102,0.0129,0.00023088235294117646,25,20,ZCTA5 08102,8292,33.7,28.4,3.9,1.9,0.2,62.3,13.7,86.3
08103,0.0129,0.00023088235294117646,25,20,ZCTA5 08103,12573,11.9,69.4,2.4,1.4,0.0,31.1,3.6,96.4
08104,0.0129,0.00023088235294117646,25,20,ZCTA5 08104,22148,13.0,64.2,1.8,2.2,0.9,38.8,2.9,97.1
08105,0.0049,4.3214285714285716e-05,6,20,ZCTA5 08105,26483,16.5,28.8,2.3,3.2,0.3,72.4,1.7,98.3
08106,0.0049,4.3214285714285716e-05,6,20,ZCTA5 08106,9731,95.3,2.4,1.3,1.9,0.0,4.7,89.7,10.299999999999997
08107,0.0049,3.5588235294117644e-05,6,20,ZCTA5 08107,13574,73.0,19.0,3.5,4.2,0.3,16.1,60.5,39.5
08108,0.012,0.00030167064439140816,21,20,ZCTA5 08108,18654,92.3,5.5,0.7,4.0,0.0,6.8,83.2,16.799999999999997
08109,0.012,0.0001838827838827839,27,20,ZCTA5 08109,24022,51.6,19.8,1.4,11.8,0.2,33.2,35.7,64.3
08110,0.012,0.0001838827838827839,27,20,ZCTA5 08110,19158,28.9,40.3,5.1,7.1,0.3,47.9,13.4,86.6
08201,0.0109,0.0005264285714285715,54,20,ZCTA5 08201,10412,76.0,13.8,2.0,6.8,0.0,14.2,65.9,34.099999999999994
08202,0.0,0.0,0,20,ZCTA5 08202,1612,98.1,0.5,0.1,2.3,0.0,2.2,94.7,5.299999999999997
08203,0.0071,0.0002825,6,20,ZCTA5 08203,7674,90.3,1.9,0.4,6.3,0.0,5.4,85.0,15.0
08204,0.0,0.0,0,20,ZCTA5 08204,16573,95.5,3.7,1.2,1.6,0.1,5.9,88.1,11.900000000000006
08205,0.0109,0.0004913333333333333,54,20,ZCTA5 08205,28877,74.0,10.0,1.3,12.3,0.1,12.3,63.0,37.0
08210,0.0,0.0,0,20,ZCTA5 08210,17143,87.2,10.3,1.0,1.9,0.2,7.4,80.2,19.799999999999997
08212,0.0,0.0,0,20,ZCTA5 08212,138,86.2,10.9,4.3,2.9,2.2,0.0,81.9,18.099999999999994
08215,0.0109,0.0004913333333333333,54,20,ZCTA5 08215,13545,77.0,20.5,1.6,2.0,0.0,15.0,64.3,35.7
08221,0.0109,0.0005264285714285715,54,20,ZCTA5 08221,6992,90.9,5.5,0.6,6.7,0.3,4.2,83.3,16.700000000000003
08223,0.0,0.0,0,20,ZCTA5 08223,4048,95.6,1.1,1.3,6.2,0.0,3.0,86.9,13.099999999999994
08225,0.0109,0.0005264285714285715,54,20,ZCTA5 08225,8456,86.0,3.7,0.5,10.4,0.0,9.5,76.3,23.700000000000003
08226,0.0,0.0,0,20,ZCTA5 08226,11261,87.4,3.8,0.2,0.5,0.3,9.1,84.4,15.599999999999994
08232,0.0109,0.0005264285714285715,54,20,ZCTA5 08232,19887,39.2,38.1,1.1,3.2,0.3,55.0,6.4,93.6
08240,0.0109,0.0005264285714285715,54,20,ZCTA5 08240,2648,70.1,18.4,1.2,13.9,0.0,11.2,55.6,44.4
08242,0.0,0.0,0,20,ZCTA5 08242,4141,75.0,14.8,3.5,1.3,1.2,21.0,63.1,36.9
08243,0.0,0.0,0,20,ZCTA5 08243,2000,99.9,1.3,1.2,0.3,0.0,1.8,96.5,3.5
08244,0.0109,0.0005264285714285715,54,20,ZCTA5 08244,10659,83.8,10.7,1.9,3.7,0.0,16.3,68.4,31.599999999999994
08247,0.0,0.0,0,20,ZCTA5 08247,965,98.5,0.1,0.2,1.6,0.0,0.7,95.9,4.099999999999994
08251,0.0,0.0,0,20,ZCTA5 08251,10503,96.2,2.5,0.1,0.1,0.3,7.8,89.1,10.900000000000006
08260,0.0,0.0,0,20,ZCTA5 08260,12959,87.8,6.8,2.2,0.9,0.0,12.0,80.4,19.599999999999994
08302,0.0,0.0,0,20,ZCTA5 08302,47279,54.7,26.3,5.7,2.2,0.3,41.0,29.5,70.5
08310,0.0,0.0,0,20,ZCTA5 08310,968,77.0,4.8,1.9,0.6,0.0,27.7,65.1,34.900000000000006
08312,0.0073,0.00028,5,20,ZCTA5 08312,8556,69.4,25.7,0.5,1.8,0.0,7.9,64.1,35.900000000000006
08326,0.0,0.0,0,20,ZCTA5 08326,1435,79.7,2.0,1.3,0.0,0.0,25.1,71.7,28.299999999999997
08327,0.0,0.0,0,20,ZCTA5 08327,3408,36.2,44.8,1.3,0.7,0.0,25.5,30.4,69.6
08330,0.0052,4.208333333333333e-05,2,20,ZCTA5 08330,29972,70.2,23.2,4.3,6.0,0.1,14.9,57.0,43.0
08332,0.0048,7.625e-05,3,20,ZCTA5 08332,35228,73.3,21.3,2.8,0.9,0.0,18.4,58.2,41.8
08341,0.0,0.0,0,20,ZCTA5 08341,2101,74.4,2.9,1.2,14.4,0.0,41.6,40.4,59.6
08360,0.0108,0.00035541125541125543,31,20,ZCTA5 08360,45038,58.7,17.6,3.6,1.7,0.1,51.0,29.6,70.4
08361,0.0108,0.0004298429319371728,31,20,ZCTA5 08361,18206,81.9,11.3,2.8,4.1,0.0,25.4,60.0,40.0
08401,0.0073,0.00028642857142857143,8,20,ZCTA5 08401,38925,30.2,33.8,3.2,17.0,0.0,31.7,17.5,82.5
08402,0.0,0.0,0,20,ZCTA5 08402,5234,95.7,1.4,0.2,1.7,0.0,4.3,92.3,7.700000000000003
08403,0.0048,2.619047619047619e-05,3,20,ZCTA5 08403,1046,97.0,0.0,0.0,7.0,0.0,5.4,87.6,12.400000000000006
08406,0.0,0.0,0,20,ZCTA5 08406,8972,83.9,5.3,1.9,8.2,0.0,14.7,72.7,27.299999999999997
08501,0.0116,0.0009109090909090909,31,20,ZCTA5 08501,6364,93.6,1.7,0.3,5.2,0.0,7.0,86.2,13.799999999999997
08502,0.0075,0.00025416666666666665,19,20,ZCTA5 08502,11849,44.3,4.6,0.0,51.4,0.2,4.0,38.2,61.8
08505,0.0,0.0,0,20,ZCTA5 08505,19142,78.9,14.2,0.9,8.0,0.3,12.2,66.5,33.5
08512,0.0075,0.00017596153846153846,19,20,ZCTA5 08512,12928,51.5,12.9,1.2,31.9,0.0,15.7,40.0,60.0
08514,0.0,0.0,0,20,ZCTA5 08514,4917,90.8,1.3,0.3,8.1,0.0,4.5,85.1,14.900000000000006
08515,0.0116,0.0011133333333333334,31,20,ZCTA5 08515,8373,60.1,7.4,0.0,33.7,0.0,4.9,53.9,46.1
08518,0.0132,0.001925,11,20,ZCTA5 08518,6508,69.4,17.8,0.8,16.6,0.0,11.3,53.0,47.0
08520,0.0116,0.0005273684210526315,31,20,ZCTA5 08520,29504,62.4,9.2,1.2,21.4,0.1,23.8,44.7,55.3
08527,0.0,0.0,0,20,ZCTA5 08527,58991,86.4,6.4,0.5,4.3,0.2,13.7,75.6,24.400000000000006
08528,0.0075,0.00025416666666666665,19,20,ZCTA5 08528,321,94.1,0.0,0.0,5.9,0.0,0.0,94.1,5.900000000000006
08530,0.0,0.0,0,20,ZCTA5 08530,8119,87.7,6.2,4.0,2.4,0.0,10.2,79.3,20.700000000000003
08534,0.0,0.0,0,20,ZCTA5 08534,13272,79.0,2.0,0.6,19.9,0.0,3.0,73.7,26.299999999999997
08536,0.0075,0.00025416666666666665,19,20,ZCTA5 08536,20817,31.1,8.8,0.6,61.4,0.2,4.6,26.1,73.9
08540,0.0081,0.00035681818181818183,32,20,ZCTA5 08540,50388,56.6,7.6,1.0,35.4,0.1,7.4,49.5,50.5
08542,0.0075,0.00025416666666666665,19,20,ZCTA5 08542,2533,65.6,15.9,5.8,14.3,0.9,15.3,53.8,46.2
08544,0.0075,0.00025416666666666665,19,20,ZCTA5 08544,4392,62.2,11.9,2.1,31.0,0.6,13.5,43.8,56.2
08550,0.0075,0.00017596153846153846,19,20,ZCTA5 08550,21067,41.2,3.3,0.5,58.8,0.0,4.8,33.2,66.8
08558,0.0075,0.00025416666666666665,19,20,ZCTA5 08558,7648,64.0,6.1,0.8,30.1,0.7,5.8,57.7,42.3
08560,0.0381,0.003465,12,20,ZCTA5 08560,3245,95.1,5.9,0.8,5.4,0.0,4.1,83.8,16.200000000000003
08608,0.0,0.0,0,20,ZCTA5 08608,1250,9.5,64.2,1.4,0.0,0.0,28.6,6.2,93.8
08609,0.0,0.0,0,20,ZCTA5 08609,15938,16.5,44.7,7.1,0.9,0.0,49.7,4.4,95.6
08610,0.0,0.0,0,20,ZCTA5 08610,33465,59.5,15.7,2.5,2.8,0.1,45.9,36.7,63.3
08611,0.0,0.0,0,20,ZCTA5 08611,31995,34.2,27.7,7.6,1.2,0.0,62.3,14.1,85.9
08618,0.0,0.0,0,20,ZCTA5 08618,35634,29.7,62.2,1.2,3.9,0.6,15.7,20.4,79.6
08619,0.0116,0.0007707692307692308,31,20,ZCTA5 08619,24089,78.4,12.9,1.1,7.3,0.0,14.5,65.1,34.900000000000006
08620,0.0,0.0,0,20,ZCTA5 08620,11621,85.6,11.2,0.2,1.7,0.0,12.1,74.1,25.900000000000006
08628,0.0,0.0,0,20,ZCTA5 08628,9831,70.4,24.1,0.5,7.9,0.0,7.8,60.0,40.0
08629,0.0,0.0,0,20,ZCTA5 08629,13013,27.1,30.2,7.3,1.4,0.0,59.3,10.4,89.6
08638,0.0,0.0,0,20,ZCTA5 08638,22816,37.9,48.9,3.3,3.4,0.0,20.5,29.4,70.6
08640,0.0,0.0,0,20,ZCTA5 08640,7984,65.1,32.2,0.9,3.5,0.2,28.5,38.9,61.1
08641,0.0,0.0,0,20,ZCTA5 08641,4400,78.3,18.0,1.8,4.0,1.7,21.3,55.2,44.8
08648,0.0081,0.0003019230769230769,32,20,ZCTA5 08648,31323,67.8,15.3,0.9,15.9,0.1,15.6,53.8,46.2
08690,0.0116,0.0007707692307692308,31,20,ZCTA5 08690,18841,85.7,4.8,2.1,6.9,0.3,9.1,78.2,21.799999999999997
08691,0.0116,0.0011133333333333334,31,20,ZCTA5 08691,16607,66.6,4.5,0.9,29.4,0.2,5.4,59.8,40.2
08701,0.0338,0.000435625,81,20,ZCTA5 08701,139149,89.9,2.8,1.1,1.0,0.1,10.9,83.7,16.299999999999997
08721,0.0055,8.629032258064515e-05,2,20,ZCTA5 08721,22783,88.9,4.6,0.8,5.3,0.2,10.1,79.8,20.200000000000003
08722,0.0,0.0,0,20,ZCTA5 08722,11088,90.8,4.9,0.4,1.5,0.6,14.7,78.9,21.099999999999994
08723,0.01,0.00020375,3,20,ZCTA5 08723,32141,91.5,3.3,1.6,2.5,0.0,14.3,79.5,20.5
08724,0.01,0.00020375,3,20,ZCTA5 08724,42345,87.2,7.3,0.5,2.6,0.1,11.4,76.3,23.700000000000003
08730,0.0045,5.625e-05,2,20,ZCTA5 08730,4956,94.6,2.6,1.6,1.5,0.0,4.3,90.0,10.0
08731,0.0,0.0,0,20,ZCTA5 08731,21629,95.0,2.2,0.7,1.0,0.2,15.2,81.2,18.799999999999997
08734,0.0,0.0,0,20,ZCTA5 08734,7879,97.8,2.0,0.1,0.2,0.0,5.5,91.6,8.400000000000006
08735,0.0092,0.00023333333333333333,42,20,ZCTA5 08735,3451,99.5,3.5,0.1,0.6,0.0,6.8,88.7,11.299999999999997
08736,0.0,0.0,0,20,ZCTA5 08736,13223,96.2,1.7,1.1,2.1,0.4,5.1,90.6,9.400000000000006
08738,0.0092,0.0002578947368421053,42,20,ZCTA5 08738,1381,94.7,0.1,0.0,4.1,0.0,2.4,91.4,8.599999999999994
08741,0.0055,0.00012738095238095238,2,20,ZCTA5 08741,2709,96.8,1.7,0.1,1.4,0.0,4.2,91.7,8.299999999999997
08742,0.0092,0.00022495462794918332,54,20,ZCTA5 08742,25732,94.3,0.9,1.9,1.6,0.2,8.4,87.2,12.799999999999997
08751,0.0,0.0,0,20,ZCTA5 08751,4185,93.6,0.0,0.2,1.4,0.0,13.3,83.6,16.400000000000006
08752,0.0,0.0,0,20,ZCTA5 08752,2338,96.1,2.2,0.2,1.8,0.1,2.5,92.6,7.400000000000006
08753,0.0098,0.00014857142857142857,6,20,ZCTA5 08753,65448,87.9,5.3,0.4,4.9,0.1,12.4,76.9,23.099999999999994
08755,0.0098,0.00014857142857142857,6,20,ZCTA5 08755,29670,81.1,9.7,0.9,5.3,0.0,12.2,72.2,27.799999999999997
08757,0.0098,0.00014857142857142857,6,20,ZCTA5 08757,36087,86.3,8.0,1.9,2.7,0.2,15.4,74.2,25.799999999999997
08758,0.0,0.0,0,20,ZCTA5 08758,7868,97.2,2.0,1.4,1.2,0.0,3.2,92.9,7.099999999999994
08759,0.0113,0.00027499999999999996,13,20,ZCTA5 08759,34237,91.5,5.2,0.5,2.9,0.0,6.1,85.8,14.200000000000003
08801,0.0122,0.0005858333333333334,52,20,ZCTA5 08801,7267,84.1,10.3,0.5,7.7,0.0,5.1,76.0,24.0
08804,0.0,0.0,0,20,ZCTA5 08804,3465,79.9,12.3,0.2,0.7,0.0,11.9,71.3,28.700000000000003
08805,0.0075,0.00025416666666666665,19,20,ZCTA5 08805,14066,57.6,9.8,2.9,5.0,0.0,51.8,35.7,64.3
08807,0.0075,0.00025416666666666665,19,20,ZCTA5 08807,39560,65.7,4.9,0.6,28.0,0.2,11.4,54.6,45.4
08809,0.0122,0.0005858333333333334,52,20,ZCTA5 08809,6703,81.9,5.6,0.1,9.7,0.0,12.8,70.8,29.200000000000003
08810,0.023,0.0011576923076923077,26,20,ZCTA5 08810,7952,38.0,7.5,0.9,52.6,2.2,6.6,31.4,68.6
08812,0.0075,0.00025416666666666665,19,20,ZCTA5 08812,14224,65.3,5.9,1.2,12.3,0.0,34.5,47.9,52.1
08816,0.006,7.500000000000001e-05,1,20,ZCTA5 08816,49360,56.1,8.1,0.7,31.2,0.6,13.2,47.2,52.8
08817,0.0073,0.00023944444444444444,19,20,ZCTA5 08817,49020,38.5,12.7,0.9,43.8,0.0,15.0,28.9,71.1
08822,0.0095,0.0004205769230769231,45,20,ZCTA5 08822,32556,84.4,3.1,0.7,8.8,0.0,12.1,75.4,24.599999999999994
08824,0.023,0.0011576923076923077,26,20,ZCTA5 08824,13366,47.7,5.9,0.3,46.0,0.0,6.8,41.0,59.0
08826,0.0049,0.00026375,5,20,ZCTA5 08826,5459,92.7,3.5,0.4,1.9,0.8,13.8,80.9,19.099999999999994
08829,0.0049,0.00026375,5,20,ZCTA5 08829,3580,82.0,7.8,0.2,9.6,0.0,11.6,72.9,27.099999999999994
08831,0.0136,0.0005195454545454545,35,20,ZCTA5 08831,55658,68.2,2.8,0.4,26.5,0.0,10.4,59.7,40.3
08833,0.0122,0.00065025,47,20,ZCTA5 08833,9184,97.0,1.3,0.3,2.1,0.0,8.6,86.0,14.0
08835,0.0075,0.00025416666666666665,19,20,ZCTA5 08835,10921,74.2,6.3,2.9,4.6,0.1,30.5,60.4,39.6
08836,0.0075,0.00025416666666666665,19,20,ZCTA5 08836,3855,81.1,0.1,0.4,26.9,0.0,6.5,62.9,37.1
08840,0.0073,0.0002515,11,20,ZCTA5 08840,18206,67.9,10.4,1.2,24.1,0.0,10.7,53.4,46.6
08844,0.0075,0.00025416666666666665,19,20,ZCTA5 08844,44463,69.7,4.9,2.1,23.9,0.1,11.2,58.4,41.6
08846,0.0075,0.00025416666666666665,19,20,ZCTA5 08846,14645,69.2,6.2,1.4,14.2,0.0,24.3,54.2,45.8
08850,0.0129,0.00097375,13,20,ZCTA5 08850,8538,85.1,3.2,0.9,6.8,0.0,12.8,74.4,25.599999999999994
08852,0.023,0.0011576923076923077,26,20,ZCTA5 08852,18062,32.4,9.0,0.7,56.3,0.0,8.8,27.3,72.7
08854,0.0075,0.00025416666666666665,19,20,ZCTA5 08854,61088,38.2,23.9,0.6,32.1,0.1,15.1,30.4,69.6
08857,0.0093,0.00025218749999999997,16,20,ZCTA5 08857,40891,74.1,9.1,0.6,15.1,0.5,15.6,61.0,39.0
08859,0.0093,0.00025218749999999997,16,20,ZCTA5 08859,25448,58.2,21.7,1.7,19.3,0.1,19.9,42.2,57.8
08861,0.019,0.002175,23,20,ZCTA5 08861,59351,36.9,11.8,3.6,3.4,0.2,81.6,8.8,91.2
08865,0.0,0.0,0,20,ZCTA5 08865,31427,80.6,15.8,1.6,3.1,0.3,13.3,67.9,32.099999999999994
08869,0.0075,0.00025416666666666665,19,20,ZCTA5 08869,8368,67.7,7.7,0.3,24.2,0.0,21.7,47.0,53.0
08872,0.0093,0.00042249999999999997,6,20,ZCTA5 08872,20204,54.9,15.7,1.4,18.7,0.4,18.4,45.7,54.3
08873,0.009,0.0005233333333333333,26,20,ZCTA5 08873,56327,37.5,30.9,1.2,21.8,0.2,20.1,27.3,72.7
08876,0.0075,0.00025416666666666665,19,20,ZCTA5 08876,23380,73.4,9.7,0.7,12.4,0.0,14.8,62.1,37.9
08879,0.0093,0.00025218749999999997,16,20,ZCTA5 08879,23556,74.9,17.0,1.0,7.2,0.1,24.8,55.7,44.3
08880,0.0075,0.00025416666666666665,19,20,ZCTA5 08880,4867,65.9,18.2,0.2,7.3,0.0,35.3,38.1,61.9
08882,0.0084,0.00036,8,20,ZCTA5 08882,16124,64.0,15.7,1.9,4.6,0.2,24.5,52.8,47.2
08884,0.0091,0.00071375,13,20,ZCTA5 08884,8187,86.2,3.3,1.1,7.5,0.1,15.0,74.3,25.700000000000003
08886,0.0,0.0,0,20,ZCTA5 08886,6435,81.8,9.1,0.2,10.6,0.4,14.6,67.8,32.2
08889,0.0075,0.00025416666666666665,19,20,ZCTA5 08889,10193,90.4,1.4,0.3,8.2,0.0,8.9,79.2,20.799999999999997
08901,0.0077,0.00081875,14,20,ZCTA5 08901,57263,37.6,15.2,10.7,9.1,0.1,53.9,23.6,76.4
08902,0.0,0.0,0,20,ZCTA5 08902,43932,35.8,23.9,0.8,23.3,0.1,29.0,25.7,74.3
08904,0.0054,6.75e-05,1,20,ZCTA5 08904,15121,64.2,4.6,1.7,22.9,0.0,15.8,55.1,44.9
