PWSID,PWS_Name,Population_Served_Count,max_pfas,mean_pfas,total_detections,pws_name,exceeds_mcl_max,exceeds_mcl_mean,total_facilities,n_airports,n_airports_(part_139),n_cement_mfg,n_chemical_mfg,n_cleaning_product_mfg,n_consumer_products,n_electronics_industry,n_fire_protection,n_fire_training,n_furniture_and_carpet,n_glass_products,n_industrial_gas,n_metal_coating,n_metal_machinery_mfg,n_mining_and_refining,n_national_defense,n_oil_and_gas,n_paints_and_coatings,n_paper_mills_and_products,n_petroleum,n_plastics_and_resins,n_printing,n_textiles_and_leather,n_waste_management,has_facility,pct_poc,pct_black,pct_hispanic,pct_nonhispanic_white,hh_median_income,total_pop
NJ0107001,NJAW EGG HARBOR CITY,4900.0,0.0,0.0,0.0,EGG HARBOR CITY WATER DEPT,False,False,1,0.0,0.0,0.0,0.0,0.0,0.0,0.0,0.0,0.0,0.0,0.0,0.0,0.0,0.0,0.0,0.0,0.0,0.0,0.0,0.0,0.0,1.0,0.0,0.0,True,23.0,20.5,15.0,64.3,80893.0,13545.0
NJ0436008,WINSLOW TWP DMU,172.0,,,,,,,0,,,,,,,,,,,,,,,,,,,,,,,,,False,,,,,,
NJ0111007,SWAN LAKE RESORT,70.0,,,,,,,0,,,,,,,,,,,,,,,,,,,,,,,,,False,,,,,,
NJ1714001,COUNTRY CLUB ESTATES,300.0,,,,,,,0,,,,,,,,,,,,,,,,,,,,,,,,,False,,,,,,
NJ1530005,STAFFORD TWP MUA FAWN LA,1740.0,,,,,,,0,,,,,,,,,,,,,,,,,,,,,,,,,False,,,,,,
NJ0804001,LAUX LAKEVIEW MOBILE H P INC,291.0,,,,,,,0,,,,,,,,,,,,,,,,,,,,,,,,,False,,,,,,
NJ1710001,HARDING WOODS MHP,1276.0,,,,,,,0,,,,,,,,,,,,,,,,,,,,,,,,,False,,,,,,
NJ1714003,BANCROFT NEURO HEALTH CENTER,142.0,,,,,,,0,,,,,,,,,,,,,,,,,,,,,,,,,False,,,,,,
NJ1533002,PINEWOOD ESTATES-BRIGHTN,1493.0,,,,,,,0,,,,,,,,,,,,,,,,,,,,,,,,,False,,,,,,
NJ1517006,LONG BEACH TWP HIGH BAR HARBOR,1230.0,,,,,,,0,,,,,,,,,,,,,,,,,,,,,,,,,False,,,,,,
NJ1517003,LONG BEACH TWP NORTH BEACH,800.0,,,,,,,0,,,,,,,,,,,,,,,,,,,,,,,,,False,,,,,,
NJ1517002,LONG BEACH TWP WD HOLGAT,2000.0,,,,,,,0,,,,,,,,,,,,,,,,,,,,,,,,,False,,,,,,
NJ1517004,LONG BEACH TWP LOVE LADIES SOUTH,150.0,,,,,,,0,,,,,,,,,,,,,,,,,,,,,,,,,False,,,,,,
NJ1517005,LONG BEACH TWP LOVE LADIES NORTH,150.0,,,,,,,0,,,,,,,,,,,,,,,,,,,,,,,,,False,,,,,,
NJ1509001,HARVEY CEDARS WATER DEPT,6360.0,0.0,0.0,0.0,HARVEY CEDARS WATER DEPT,False,False,0,,,,,,,,,,,,,,,,,,,,,,,,,False,4.0,0.3,3.8,91.9,120054.0,6837.0
NJ1702001,ELMER BORO W DEPT,1385.0,,,,,,,0,,,,,,,,,,,,,,,,,,,,,,,,,False,,,,,,
NJ0819001,WENONAH WATER DEPARTMENT,2357.0,,,,,,,0,,,,,,,,,,,,,,,,,,,,,,,,,False,,,,,,
NJ1531001,SURF CITY WATER DEPT,10000.0,0.0,0.0,0.0,SURF CITY WATER DEPT,False,False,0,,,,,,,,,,,,,,,,,,,,,,,,,False,4.0,0.3,3.8,91.9,120054.0,6837.0
NJ1528001,SHIP BOTTOM WATER DEPART,15000.0,0.0,0.0,0.0,SHIP BOTTOM WATER DEPART,False,False,0,,,,,,,,,,,,,,,,,,,,,,,,,False,4.0,0.3,3.8,91.9,120054.0,6837.0
NJ1503001,BEACH HAVEN WATER DEPT,20000.0,0.0,0.0,0.0,BEACH HAVEN WATER DEPT,False,False,0,,,,,,,,,,,,,,,,,,,,,,,,,False,4.0,0.3,3.8,91.9,120054.0,6837.0
NJ0436001,ANCORA PSYCHIATRIC HOSPI,2506.0,,,,,,,0,,,,,,,,,,,,,,,,,,,,,,,,,False,,,,,,
NJ0817001,SWEDESBORO WATER DEPARTMENT,2824.0,,,,,,,0,,,,,,,,,,,,,,,,,,,,,,,,,False,,,,,,
NJ0823001,WOODBURY HEIGHTS W UTILI,3008.0,,,,,,,0,,,,,,,,,,,,,,,,,,,,,,,,,False,,,,,,
NJ1532002,TUCKERTON WATER & SEWER DEPT,6285.0,0.0,0.0,0.0,TUCKERTON WATER & SEWER DEPT,False,False,0,,,,,,,,,,,,,,,,,,,,,,,,,False,7.400000000000006,5.4,6.1,84.4,91677.0,25342.0
NJ1715001,WOODSTOWN WATER DEPARTMENT,4455.0,0.0,0.0,0.0,WOODSTOWN WATER DEPARTMENT,False,False,1,0.0,0.0,0.0,0.0,0.0,0.0,0.0,0.0,0.0,0.0,0.0,0.0,0.0,0.0,0.0,0.0,0.0,0.0,0.0,0.0,0.0,0.0,0.0,1.0,True,15.599999999999994,12.9,10.3,75.9,110913.0,9680.0
NJ0813001,NEWFIELD WATER DEPARTMENT,1616.0,,,,,,,3,0.0,0.0,0.0,1.0,0.0,0.0,0.0,0.0,0.0,0.0,0.0,0.0,0.0,0.0,0.0,0.0,0.0,0.0,0.0,0.0,0.0,0.0,0.0,2.0,True,,,,,,
NJ1517001,LONG BEACH TWP BRANT BEA,25295.0,0.0,0.0,0.0,LONG BEACH TWP BRANT BEA,False,False,0,,,,,,,,,,,,,,,,,,,,,,,,,False,4.0,0.3,3.8,91.9,120054.0,6837.0
NJ0411001,CLEMENTON WATER DEPARTMENT,5000.0,0.0,0.0,0.0,CLEMENTON WATER DEPARTMENT,False,False,1,0.0,0.0,0.0,0.0,0.0,0.0,0.0,0.0,0.0,0.0,0.0,0.0,0.0,0.0,0.0,1.0,0.0,0.0,0.0,0.0,0.0,0.0,0.0,0.0,True,46.2,33.5,21.8,42.7,68044.0,49305.0
NJ0435003,WATERFORD TOWNSHIP WATER DEPT.,1184.0,,,,,,,2,0.0,0.0,0.0,0.0,0.0,0.0,1.0,0.0,0.0,0.0,0.0,0.0,1.0,0.0,0.0,0.0,0.0,0.0,0.0,0.0,0.0,0.0,0.0,0.0,True,,,,,,
NJ0815001,PITMAN WATER DEPARTMENT,9545.0,0.0051,0.000174375,7.0,PITMAN WATER DEPARTMENT,True,False,2,1.0,0.0,0.0,0.0,0.0,0.0,0.0,0.0,0.0,0.0,0.0,0.0,0.0,0.0,0.0,0.0,0.0,0.0,0.0,0.0,0.0,1.0,0.0,0.0,True,8.75,5.65,4.35,85.69999999999999,111173.5,23810.0
NJ1712001,NJ AMERICAN WATER - SALEM CITY,6199.0,0.0047,0.00011750000000000001,1.0,SALEM WATER DEPARTMENT,True,False,7,1.0,0.0,0.0,1.0,0.0,0.0,1.0,0.0,0.0,0.0,0.0,0.0,0.0,0.0,0.0,0.0,0.0,0.0,0.0,1.0,1.0,0.0,0.0,2.0,True,36.1,34.7,6.0,58.2,54641.0,10762.0
NJ0807001,GREENWICH TWP W DEPT,4921.0,0.0,0.0,0.0,GREENWICH TWP W DEPT,False,False,5,0.0,0.0,0.0,3.0,0.0,0.0,0.0,0.0,0.0,0.0,0.0,0.0,0.0,0.0,0.0,0.0,0.0,2.0,0.0,0.0,0.0,0.0,0.0,0.0,True,13.5,6.3,10.8,80.4,92128.0,4984.0
NJ0104003,BUENA BOROUGH MUA,4880.0,0.0,0.0,0.0,BUENA BOROUGH MUA,False,False,2,0.0,0.0,0.0,0.0,0.0,0.0,0.0,0.0,0.0,0.0,1.0,0.0,0.0,0.0,0.0,0.0,0.0,0.0,0.0,0.0,0.0,0.0,1.0,0.0,True,27.549999999999997,6.825,36.35,51.7,64053.5,12385.5
NJ0428002,PINE HILL BOROUGH MUA,10233.0,0.0,0.0,0.0,PINE HILL BOROUGH MUA,False,False,0,,,,,,,,,,,,,,,,,,,,,,,,,False,46.2,33.5,21.8,42.7,68044.0,49305.0
NJ0809001,NJ AMERICAN WATER - BRIDGEPORT,855.0,,,,,,,7,0.0,0.0,0.0,1.0,0.0,0.0,0.0,0.0,0.0,0.0,0.0,0.0,0.0,0.0,0.0,0.0,0.0,1.0,0.0,2.0,1.0,0.0,0.0,2.0,True,,,,,,
NJ1520001,OCEAN TWP DEPT OF UTILITIES,15419.0,0.0,0.0,0.0,OCEAN TWP DEPT OF UTILITIES,False,False,1,0.0,0.0,0.0,0.0,0.0,0.0,0.0,0.0,1.0,0.0,0.0,0.0,0.0,0.0,0.0,0.0,0.0,0.0,0.0,0.0,0.0,0.0,0.0,0.0,True,3.8500000000000014,2.55,5.949999999999999,88.65,95242.0,17367.0
NJ1516001,LITTLE EGG HARBOR TWP MU,24215.0,0.0,0.0,0.0,LITTLE EGG HARBOR TWP MU,False,False,0,,,,,,,,,,,,,,,,,,,,,,,,,False,7.400000000000006,5.4,6.1,84.4,91677.0,25342.0
NJ0809002,NJ AMERICAN WATER - LOGAN,6650.0,0.0049,0.000219375,8.0,NJ AMERICAN WATER - LOGAN,True,False,14,0.0,0.0,0.0,3.0,0.0,0.0,2.0,0.0,0.0,0.0,0.0,0.0,0.0,5.0,0.0,0.0,0.0,0.0,2.0,1.0,1.0,0.0,0.0,0.0,True,20.09999999999999,13.0,7.4,74.5,134762.0,22340.0
NJ1707001,NJ AMERICAN WATER - PENNS GROVE,14406.0,0.0032,5.166666666666667e-05,2.0,NJ AMERICAN WATER - PENNS GROVE,False,False,9,0.0,0.0,0.0,0.0,1.0,0.0,0.0,0.0,0.0,0.0,0.0,2.0,1.0,0.0,0.0,1.0,0.0,1.0,0.0,0.0,3.0,0.0,0.0,0.0,True,25.5,18.85,15.55,64.75,91927.0,7562.0
NJ0405001,BERLIN WATER DEPARTMENT,13001.0,0.0061,0.000185,8.0,BERLIN WATER DEPARTMENT,True,False,9,0.0,0.0,0.0,0.0,0.0,0.0,0.0,0.0,0.0,1.0,0.0,0.0,0.0,1.0,0.0,0.0,0.0,0.0,0.0,1.0,1.0,4.0,0.0,1.0,True,26.766666666666666,10.166666666666666,11.4,66.26666666666667,93965.0,17166.666666666668
NJ0810004,MANTUA TOWNSHIP MUA,12600.0,0.0056,0.00012230769230769231,7.0,MANTUA TOWNSHIP MUA,True,False,2,0.0,0.0,0.0,0.0,0.0,0.0,1.0,0.0,0.0,0.0,0.0,0.0,0.0,1.0,0.0,0.0,0.0,0.0,0.0,0.0,0.0,0.0,0.0,0.0,True,8.675,4.725,4.975,85.6,112227.0,15643.5
NJ0801001,BOROUGH OF CLAYTON,8179.0,0.0073,0.00028,5.0,"CLAYTON WATER DEPARTMENT, NJ",True,False,5,1.0,0.0,0.0,0.0,0.0,0.0,0.0,0.0,0.0,0.0,0.0,0.0,0.0,2.0,0.0,0.0,0.0,0.0,0.0,1.0,0.0,0.0,0.0,1.0,True,30.59999999999999,25.7,7.9,64.1,89294.0,8556.0
NJ0613004,UPPER DEERFIELD TWP WATER DEPT,3100.0,,,,,,,0,,,,,,,,,,,,,,,,,,,,,,,,,False,,,,,,
NJ0806001,GLASSBORO WATER DEPARTMENT,24244.0,0.0094,0.00043958333333333333,22.0,GLASSBORO WATER DEPARTMENT,True,False,0,,,,,,,,,,,,,,,,,,,,,,,,,False,31.40000000000001,19.4,12.0,61.9,89130.0,25098.0
NJ0808001,NJ AMERICAN WATER - HARRISON,9193.0,0.0054,0.00020344827586206895,5.0,NJ AMERICAN WATER - HARRISON,True,False,1,0.0,0.0,0.0,0.0,0.0,0.0,0.0,0.0,0.0,0.0,0.0,0.0,0.0,0.0,0.0,0.0,0.0,0.0,0.0,0.0,0.0,0.0,0.0,1.0,True,11.299999999999995,4.9,3.8,82.6,157009.0,17935.0
NJ0113001,HAMMONTON WATER DEPT,12153.0,0.0,0.0,0.0,HAMMONTON WATER DEPT,False,False,5,1.0,0.0,0.0,0.0,0.0,0.0,0.0,0.0,0.0,0.0,0.0,0.0,1.0,0.0,0.0,0.0,0.0,0.0,0.0,0.0,2.0,0.0,0.0,1.0,True,16.299999999999997,4.3,20.7,73.6,81312.0,23514.0
NJ1708001,PENNSVILLE TWSP. WATER DEPART.,13500.0,0.037,0.0029458333333333333,22.0,PENNSVILLE TWSP. WATER DEPART.,True,False,4,1.0,0.0,0.0,1.0,0.0,0.0,0.0,0.0,0.0,0.0,0.0,0.0,0.0,0.0,0.0,0.0,0.0,0.0,0.0,0.0,1.0,0.0,0.0,1.0,True,4.549999999999997,2.25,3.4,92.35,70820.5,6443.0
NJ0803001,EAST GREENWICH TWP WATER DEPT,9900.0,0.0733,0.0006209183673469388,9.0,EAST GREENWICH TWP WATER DEPT,True,False,9,1.0,0.0,0.0,0.0,1.0,0.0,0.0,0.0,1.0,0.0,0.0,0.0,0.0,0.0,0.0,0.0,0.0,0.0,0.0,0.0,2.0,1.0,0.0,3.0,True,9.300000000000002,6.6000000000000005,6.133333333333333,83.13333333333334,152179.0,4140.666666666667
NJ1530004,STAFFORD TWP WATER - BEACH HAVEN WEST,28863.0,0.0,0.0,0.0,STAFFORD TWP WATER - BEACH HAVEN WEST,False,False,4,1.0,0.0,0.0,0.0,0.0,0.0,0.0,0.0,0.0,0.0,0.0,0.0,0.0,0.0,0.0,0.0,0.0,0.0,0.0,0.0,0.0,0.0,0.0,3.0,True,4.900000000000006,1.1,8.9,86.2,115676.0,28053.0
NJ1533001,BARNEGAT TWP WATER SEWER,20000.0,0.0,0.0,0.0,BARNEGAT TWP WATER SEWER,False,False,0,,,,,,,,,,,,,,,,,,,,,,,,,False,4.900000000000006,3.1,8.7,84.4,93584.0,26866.0
NJ0112001,HAMILTON TOWNSHIP MUA,21720.0,0.0052,5.05e-05,2.0,HAMILTON TOWNSHIP MUA,True,False,3,0.0,0.0,0.0,1.0,0.0,0.0,0.0,0.0,0.0,0.0,1.0,0.0,0.0,0.0,0.0,1.0,0.0,0.0,0.0,0.0,0.0,0.0,0.0,0.0,True,29.799999999999997,23.2,14.9,57.0,77167.0,29972.0
NJ0818004,WASHINGTON TOWNSHIP MUA,48000.0,0.0109,0.00018840909090909092,15.0,WASHINGTON TOWNSHIP MUA,True,False,0,,,,,,,,,,,,,,,,,,,,,,,,,False,22.800000000000004,17.54,7.4,70.96000000000001,122183.4,31115.0
NJ0811002,MONROE MUNICIPAL UTILITIES  AUTHORITY,26179.0,0.0075,5.4444444444444446e-05,4.0,MONROE TWP MUA,True,False,3,1.0,0.0,0.0,0.0,0.0,0.0,0.0,0.0,0.0,0.0,1.0,0.0,0.0,0.0,0.0,0.0,0.0,0.0,0.0,0.0,0.0,0.0,0.0,1.0,True,19.09999999999999,16.3,10.3,70.9,96699.0,41595.0
NJ0614003,VINELAND WATER & SEWER UTILITY,36250.0,0.0108,0.0004298429319371728,31.0,VINELAND WATER & SEWER UTILITY,True,False,30,2.0,0.0,0.0,2.0,0.0,0.0,1.0,0.0,0.0,0.0,16.0,0.0,0.0,0.0,0.0,1.0,0.0,0.0,1.0,0.0,0.0,0.0,2.0,5.0,True,29.699999999999996,14.450000000000001,38.2,44.8,82204.5,31622.0
NJ0436007,WINSLOW TWP DMU,39174.0,0.0108,0.00044233333333333337,22.0,WINSLOW TWP DMU,True,False,13,5.0,0.0,0.0,2.0,0.0,0.0,0.0,0.0,0.0,0.0,0.0,0.0,2.0,0.0,0.0,0.0,0.0,0.0,0.0,0.0,0.0,0.0,0.0,4.0,True,16.299999999999997,4.3,20.7,73.6,81312.0,23514.0
NJ0506321,CEDAR SPRINGS MHP WELL #,90.0,,,,,,,0,,,,,,,,,,,,,,,,,,,,,,,,,False,,,,,,
NJ0112002,BLACK HORSE MANOR,74.0,,,,,,,0,,,,,,,,,,,,,,,,,,,,,,,,,False,,,,,,
NJ0506012,PRESIDENTIAL COURTS MOBILE H P,49.0,,,,,,,0,,,,,,,,,,,,,,,,,,,,,,,,,False,,,,,,
NJ0108013,TOWER 1999 MOBILE HOME PARK,100.0,,,,,,,0,,,,,,,,,,,,,,,,,,,,,,,,,False,,,,,,
NJ0506013,A AND J MOBILE HOME PARK,86.0,,,,,,,0,,,,,,,,,,,,,,,,,,,,,,,,,False,,,,,,
NJ0108014,TOWER EAST MOBILE HOME PARK,70.0,,,,,,,0,,,,,,,,,,,,,,,,,,,,,,,,,False,,,,,,
NJ0506001,DELSEA WOODS COMMUNITY LLC,95.0,,,,,,,0,,,,,,,,,,,,,,,,,,,,,,,,,False,,,,,,
NJ0108004,NORMS DALE MOBILE HOME PARK,250.0,,,,,,,0,,,,,,,,,,,,,,,,,,,,,,,,,False,,,,,,
NJ0607001,HOPEWELL PLACE SENIOR APTS,100.0,,,,,,,0,,,,,,,,,,,,,,,,,,,,,,,,,False,,,,,,
NJ0506004,EDGEWOOD VILLAGE M H PARK,300.0,,,,,,,0,,,,,,,,,,,,,,,,,,,,,,,,,False,,,,,,
NJ0108303,BAY BREEZE VILLAGE,105.0,,,,,,,0,,,,,,,,,,,,,,,,,,,,,,,,,False,,,,,,
NJ0610002,COUNTRY MEADOWS RENTS AND SALES MHP LLC,250.0,,,,,,,0,,,,,,,,,,,,,,,,,,,,,,,,,False,,,,,,
NJ0119001,DELILAH TERRACE MHP,210.0,,,,,,,0,,,,,,,,,,,,,,,,,,,,,,,,,False,,,,,,
NJ0505003,CAPE MAY MOBILE ESTATES,420.0,,,,,,,0,,,,,,,,,,,,,,,,,,,,,,,,,False,,,,,,
NJ0506015,GRANDE WOODS NORTH MHP,200.0,,,,,,,0,,,,,,,,,,,,,,,,,,,,,,,,,False,,,,,,
NJ0108002,ENGLISH CREEK MANOR M H PARK,250.0,,,,,,,0,,,,,,,,,,,,,,,,,,,,,,,,,False,,,,,,
NJ0108006,TOWER MOBILE HOMES,245.0,,,,,,,0,,,,,,,,,,,,,,,,,,,,,,,,,False,,,,,,
NJ0506007,GRANDE WOODS SOUTH MOBILE H P,650.0,,,,,,,0,,,,,,,,,,,,,,,,,,,,,,,,,False,,,,,,
NJ0605001,FAIRTON OAKS M H COMMUNITY,207.0,,,,,,,0,,,,,,,,,,,,,,,,,,,,,,,,,False,,,,,,
NJ0511003,SHORE ACRES MOBILE HOME,392.0,,,,,,,0,,,,,,,,,,,,,,,,,,,,,,,,,False,,,,,,
NJ0605002,EVERGREEN ESTATES,450.0,,,,,,,0,,,,,,,,,,,,,,,,,,,,,,,,,False,,,,,,
NJ0504306,OCEANVIEW CTR FOR REHAB AND CONTINUING C,120.0,,,,,,,0,,,,,,,,,,,,,,,,,,,,,,,,,False,,,,,,
NJ0108009,STONEY FIELD MOBILE HOME PARK,200.0,,,,,,,0,,,,,,,,,,,,,,,,,,,,,,,,,False,,,,,,
NJ0108019,OAK FOREST MOBILE HOME PARK,300.0,,,,,,,0,,,,,,,,,,,,,,,,,,,,,,,,,False,,,,,,
NJ0516003,"CAROL LYNN RESORT, INC",550.0,,,,,,,0,,,,,,,,,,,,,,,,,,,,,,,,,False,,,,,,
NJ0506008,MIDDLE TWP WATER DISTRICT 1,685.0,,,,,,,0,,,,,,,,,,,,,,,,,,,,,,,,,False,,,,,,
NJ0614005,UNITED MOBILE HOMES OF VINELAND,1600.0,,,,,,,0,,,,,,,,,,,,,,,,,,,,,,,,,False,,,,,,
NJ0108003,TILTON TERRACE MHP,456.0,,,,,,,0,,,,,,,,,,,,,,,,,,,,,,,,,False,,,,,,
NJ0123001,WEYMOUTH TWSP MUA,720.0,,,,,,,0,,,,,,,,,,,,,,,,,,,,,,,,,False,,,,,,
NJ0604001,BAYVIEW WATER SYSTEM,771.0,,,,,,,0,,,,,,,,,,,,,,,,,,,,,,,,,False,,,,,,
NJ0511001,NJ AMERICAN WATER - STRATHMERE,699.0,,,,,,,0,,,,,,,,,,,,,,,,,,,,,,,,,False,,,,,,
NJ0605004,FAIRTON FEDERAL CORRECTIONAL,1841.0,,,,,,,0,,,,,,,,,,,,,,,,,,,,,,,,,False,,,,,,
NJ0506009,MIDDLE TWP WATER DISTRICT,731.0,,,,,,,0,,,,,,,,,,,,,,,,,,,,,,,,,False,,,,,,
NJ0123002,THE OAKS OF WEYMOUTH WATER CO.,750.0,,,,,,,0,,,,,,,,,,,,,,,,,,,,,,,,,False,,,,,,
NJ0503001,CAPE MAY POINT BORO WATE,4000.0,0.0,0.0,0.0,CAPE MAY POINT BORO WATE,False,False,0,,,,,,,,,,,,,,,,,,,,,,,,,False,13.799999999999995,10.9,0.0,81.9,86125.0,138.0
NJ0115001,LONGPORT WATER DEPARTMENT,10777.0,0.0,0.0,0.0,LONGPORT WATER DEPARTMENT,False,False,0,,,,,,,,,,,,,,,,,,,,,,,,,False,3.0,0.0,5.4,87.6,110625.0,1046.0
NJ0512001,WEST CAPE MAY WATER DEPT,4427.0,0.0,0.0,0.0,WEST CAPE MAY WATER DEPT,False,False,0,,,,,,,,,,,,,,,,,,,,,,,,,False,4.5,3.7,5.9,88.1,82466.0,16573.0
NJ0510001,STONE HARBOR WATER DEPT,30850.0,0.0,0.0,0.0,STONE HARBOR WATER DEPT,False,False,0,,,,,,,,,,,,,,,,,,,,,,,,,False,1.5,0.1,0.7,95.9,167917.0,965.0
NJ0122001,VENTNOR CITY WATER & SEWER UTILITY,22150.0,0.0,0.0,0.0,VENTNOR CITY WATER & SEWER UTILITY,False,False,0,,,,,,,,,,,,,,,,,,,,,,,,,False,16.099999999999994,5.3,14.7,72.7,69099.0,8972.0
NJ0116001,MARGATE CITY WATER DEPARTMENT,23500.0,0.0,0.0,0.0,MARGATE CITY WATER DEPARTMENT,False,False,0,,,,,,,,,,,,,,,,,,,,,,,,,False,4.299999999999997,1.4,4.3,92.3,121800.0,5234.0
NJ0609001,NJ STATE PRISON BAYSIDE,1679.0,0.0,0.0,0.0,NJ STATE PRISON BAYSIDE,False,False,2,1.0,0.0,0.0,0.0,0.0,0.0,0.0,0.0,0.0,0.0,0.0,0.0,0.0,0.0,0.0,0.0,0.0,0.0,0.0,0.0,0.0,0.0,0.0,1.0,True,63.8,44.8,25.5,30.4,61528.0,3408.0
NJ0502001,CAPE MAY WATER & SEWER U,35000.0,0.0,0.0,0.0,CAPE MAY WATER & SEWER U,False,False,0,,,,,,,,,,,,,,,,,,,,,,,,,False,4.5,3.7,5.9,88.1,82466.0,16573.0
NJ0501001,AVALON WATER AND SEWERAGE UTILITIES,39839.0,0.0,0.0,0.0,AVALON WATER AND SEWERAGE UTILITIES,False,False,0,,,,,,,,,,,,,,,,,,,,,,,,,False,1.9000000000000057,0.5,2.2,94.7,146071.0,1612.0
NJ0103001,BRIGANTINE WATER DEPARTMENT,14450.0,0.0071,0.0002825,6.0,BRIGANTINE WATER DEPARTMENT,True,False,0,,,,,,,,,,,,,,,,,,,,,,,,,False,9.700000000000005,1.9,5.4,85.0,97250.0,7674.0
NJ0509001,SEA ISLE CITY WATER DEPARTMENT,15800.0,0.0,0.0,0.0,SEA ISLE CITY WATER DEPARTMENT,False,False,0,,,,,,,,,,,,,,,,,,,,,,,,,False,0.0999999999999943,1.3,1.8,96.5,108359.0,2000.0
NJ0514001,WILDWOOD CITY WATER DEPARTMENT,218472.0,0.0,0.0,0.0,WILDWOOD CITY WATER DEPARTMENT,False,False,0,,,,,,,,,,,,,,,,,,,,,,,,,False,18.6,10.8,16.5,71.75,86474.5,8550.0
NJ0102001,ATLANTIC CITY MUA,152415.0,0.0073,0.0005012500000000001,8.0,ATLANTIC CITY MUA,True,False,8,4.0,0.0,0.0,0.0,0.0,0.0,0.0,0.0,0.0,0.0,0.0,0.0,0.0,1.0,0.0,1.0,0.0,0.0,0.0,1.0,0.0,0.0,0.0,1.0,True,69.8,33.8,31.7,17.5,41126.0,38925.0
NJ0505002,LOWER TWP MUA,10315.0,0.0,0.0,0.0,LOWER TWP MUA,False,False,0,,,,,,,,,,,,,,,,,,,,,,,,,False,4.149999999999999,3.1,6.85,88.6,83051.5,13538.0
NJ0508001,NJ AMERICAN WATER - OCEAN CITY,127000.0,0.0,0.0,0.0,NJ AMERICAN WATER - OCEAN CITY,False,False,0,,,,,,,,,,,,,,,,,,,,,,,,,False,8.5,2.45,6.05,85.65,104456.5,7654.5
NJ0601001,BRIDGETON CITY WATER DEPT,22770.0,0.0,0.0,0.0,BRIDGETON CITY WATER DEPT,False,False,8,1.0,0.0,0.0,1.0,0.0,0.0,0.0,0.0,0.0,0.0,0.0,0.0,0.0,0.0,0.0,0.0,0.0,0.0,0.0,0.0,0.0,0.0,2.0,4.0,True,45.3,26.3,41.0,29.5,65516.0,47279.0
NJ0610001,MILLVILLE WATER DEPARTMENT,27500.0,0.0048,7.625e-05,3.0,MILLVILLE WATER DEPARTMENT,True,False,4,3.0,0.0,0.0,0.0,0.0,0.0,0.0,0.0,0.0,0.0,0.0,0.0,0.0,0.0,0.0,0.0,0.0,0.0,0.0,0.0,0.0,0.0,0.0,1.0,True,26.700000000000003,21.3,18.4,58.2,67496.0,35228.0
NJ0516001,BOROUGH OF WOODBINE,2650.0,,,,,,,4,1.0,0.0,0.0,0.0,0.0,0.0,0.0,0.0,0.0,0.0,0.0,0.0,0.0,0.0,0.0,0.0,0.0,0.0,0.0,0.0,0.0,0.0,0.0,3.0,True,,,,,,
NJ0119002,NJ AMERICAN WATER - ATLANTIC COUNTY,120146.0,0.0109,0.0005264285714285715,54.0,NJ AMERICAN WATER - ATLANTIC COUNTY,True,False,17,3.0,0.0,0.0,0.0,0.0,0.0,1.0,0.0,0.0,0.0,0.0,0.0,0.0,2.0,0.0,0.0,0.0,0.0,0.0,1.0,0.0,0.0,0.0,10.0,True,25.375,15.0875,17.2125,60.4,91098.71428571429,12684.5
NJ1501001,BARNEGAT LIGHT WATER DEP,4148.0,0.0,0.0,0.0,BARNEGAT LIGHT WATER DEP,False,False,0,,,,,,,,,,,,,,,,,,,,,,,,,False,17.200000000000003,0.0,2.4,79.8,125417.0,500.0
NJ0410002,BNAI BRITH CHESILHURST HOUSE,49.0,,,,,,,0,,,,,,,,,,,,,,,,,,,,,,,,,False,,,,,,
NJ0111004,POMONA MOBILE HOME PARK,98.0,,,,,,,0,,,,,,,,,,,,,,,,,,,,,,,,,False,,,,,,
NJ0612001,BAYSHORE MOBILE HOME PARK,81.0,,,,,,,0,,,,,,,,,,,,,,,,,,,,,,,,,False,,,,,,
NJ0805003,MALAGA VILLA APARTMENTS,100.0,,,,,,,0,,,,,,,,,,,,,,,,,,,,,,,,,False,,,,,,
NJ1710006,VILLAGE I,43.0,,,,,,,0,,,,,,,,,,,,,,,,,,,,,,,,,False,,,,,,
NJ0805001,IONA TRAILER PARK,72.0,,,,,,,0,,,,,,,,,,,,,,,,,,,,,,,,,False,,,,,,
NJ0805002,MALAGA MOBILE HOME PARK,100.0,,,,,,,0,,,,,,,,,,,,,,,,,,,,,,,,,False,,,,,,
NJ0436010,WINSLOW COURT HOMES INC,90.0,,,,,,,0,,,,,,,,,,,,,,,,,,,,,,,,,False,,,,,,
NJ0810005,MANOR WATER ASSOCIATIONS,75.0,,,,,,,0,,,,,,,,,,,,,,,,,,,,,,,,,False,,,,,,
NJ1710304,BIG OAK REHAB,259.0,,,,,,,0,,,,,,,,,,,,,,,,,,,,,,,,,False,,,,,,
NJ0301001,BUTTONWOOD MOBILE HOME PARK,55.0,,,,,,,0,,,,,,,,,,,,,,,,,,,,,,,,,False,,,,,,
NJ0436009,ELMTOWNE VILLAGE ASSOC. SYS II,100.0,,,,,,,0,,,,,,,,,,,,,,,,,,,,,,,,,False,,,,,,
NJ0105001,BUENA FAMILY MANOR MOBILE H P,64.0,,,,,,,0,,,,,,,,,,,,,,,,,,,,,,,,,False,,,,,,
NJ0435324,ONYX BEHAVIORAL HEALTH CARE,215.0,,,,,,,0,,,,,,,,,,,,,,,,,,,,,,,,,False,,,,,,
NJ0816001,HARRISONVILLE MOBILE HOME PARK,100.0,,,,,,,0,,,,,,,,,,,,,,,,,,,,,,,,,False,,,,,,
NJ1713001,HANDYS MOBILE PARK,90.0,,,,,,,0,,,,,,,,,,,,,,,,,,,,,,,,,False,,,,,,
NJ1508001,OAKS MHP LLC,80.0,,,,,,,0,,,,,,,,,,,,,,,,,,,,,,,,,False,,,,,,
NJ1704001,LEISURE ARMS COMPLEX,60.0,,,,,,,0,,,,,,,,,,,,,,,,,,,,,,,,,False,,,,,,
NJ1530003,STAFFORD TWP MUA CEDAR B,224.0,,,,,,,0,,,,,,,,,,,,,,,,,,,,,,,,,False,,,,,,
NJ0436002,ELMTOWNE VILLAGE  ASSOC SYS I,100.0,,,,,,,0,,,,,,,,,,,,,,,,,,,,,,,,,False,,,,,,
NJ0117001,MULLICA WOODS MOBILE HOME PARK,150.0,,,,,,,0,,,,,,,,,,,,,,,,,,,,,,,,,False,,,,,,
NJ0105002,ALPINE VILLAGE,70.0,,,,,,,0,,,,,,,,,,,,,,,,,,,,,,,,,False,,,,,,
NJ0410001,TOWN & COUNTRY MHP,200.0,,,,,,,0,,,,,,,,,,,,,,,,,,,,,,,,,False,,,,,,
NJ0805433,HOLLY GREEN CAMPGROUND,140.0,,,,,,,0,,,,,,,,,,,,,,,,,,,,,,,,,False,,,,,,
NJ0332002,OAKVIEW LEISURE VILLAGE,250.0,,,,,,,0,,,,,,,,,,,,,,,,,,,,,,,,,False,,,,,,
NJ0332001,FAWN LAKE VILLAGE,300.0,,,,,,,0,,,,,,,,,,,,,,,,,,,,,,,,,False,,,,,,
NJ1710003,PICNIC GROVE MOBILE HOMES,250.0,,,,,,,0,,,,,,,,,,,,,,,,,,,,,,,,,False,,,,,,
NJ1710002,HOLLY TREE ACRES SYSTEM 1,300.0,,,,,,,0,,,,,,,,,,,,,,,,,,,,,,,,,False,,,,,,
NJ1706001,AUBURN VILLAGE WATER SUP,200.0,,,,,,,0,,,,,,,,,,,,,,,,,,,,,,,,,False,,,,,,
NJ1023001,STOCKTON WATER DEPARTMENT,650.0,,,,,,,0,,,,,,,,,,,,,,,,,,,,,,,,,False,,,,,,
NJ1025001,EDNA MAHAN CORRECTIONAL,1080.0,,,,,,,0,,,,,,,,,,,,,,,,,,,,,,,,,False,,,,,,
NJ1106002,MERCER COUNTY CORRECTIONAL CENTER,860.0,,,,,,,0,,,,,,,,,,,,,,,,,,,,,,,,,False,,,,,,
NJ0338001,WILLINGBORO MUA,35000.0,0.0106,0.000525625,14.0,WILLINGBORO MUA,True,False,9,2.0,0.0,0.0,0.0,0.0,0.0,3.0,0.0,0.0,0.0,0.0,0.0,0.0,0.0,0.0,0.0,0.0,0.0,0.0,0.0,0.0,3.0,0.0,1.0,True,77.7,78.7,15.1,9.4,98178.0,31981.0
NJ0303001,BORDENTOWN WATER DEPARTM,15821.0,0.0,0.0,0.0,BORDENTOWN WATER DEPARTM,False,False,8,0.0,0.0,0.0,1.0,0.0,0.0,0.0,0.0,0.0,0.0,0.0,0.0,0.0,2.0,0.0,0.0,0.0,0.0,0.0,0.0,0.0,0.0,1.0,4.0,True,21.09999999999999,14.2,12.2,66.5,112845.0,19142.0
NJ0322001,MOORESTOWN WATER DEPT,20700.0,0.0059,0.0002,12.0,MOORESTOWN WATER DEPT,True,False,14,0.0,0.0,0.0,1.0,1.0,0.0,2.0,0.0,0.0,0.0,1.0,0.0,0.0,2.0,0.0,0.0,0.0,0.0,1.0,0.0,0.0,6.0,0.0,0.0,True,19.299999999999997,5.4,5.3,73.8,158770.0,21529.0
NJ1006300,TEEN CHALLENGE,40.0,,,,,,,0,,,,,,,,,,,,,,,,,,,,,,,,,False,,,,,,
NJ0333001,PINELANDS WATER CO,4926.0,0.0,0.0,0.0,PINELANDS WATER CO,False,False,0,,,,,,,,,,,,,,,,,,,,,,,,,False,5.400000000000006,2.3,6.3,86.7,110000.0,24215.0
NJ0416001,HADDON TWP WATER DEPARTM,11938.0,0.0,0.0,0.0,HADDON TWP WATER DEPARTM,False,False,0,,,,,,,,,,,,,,,,,,,,,,,,,False,12.9,8.733333333333333,9.1,77.13333333333334,113388.33333333333,16663.666666666668
NJ0414001,GLOUCESTER CITY W DEPT,12460.0,0.0,0.0,0.0,GLOUCESTER CITY W DEPT,False,False,4,0.0,0.0,0.0,1.0,1.0,0.0,0.0,0.0,0.0,0.0,1.0,0.0,0.0,0.0,0.0,0.0,0.0,0.0,0.0,1.0,0.0,0.0,0.0,0.0,True,26.5,16.0,22.8,60.1,63384.0,13217.0
NJ0822001,WOODBURY CITY W DEPT,10263.0,0.0038,8.75e-05,4.0,WOODBURY CITY W DEPT,False,False,2,0.0,0.0,0.0,0.0,0.0,0.0,0.0,0.0,0.0,0.0,0.0,0.0,1.0,0.0,0.0,0.0,0.0,0.0,0.0,0.0,0.0,1.0,0.0,0.0,True,17.025,13.425,8.35,74.3,96965.0,14412.75
NJ2102001,ALPHA MUNICIPAL WATER WORKS,2530.0,,,,,,,3,0.0,0.0,0.0,0.0,0.0,0.0,0.0,0.0,0.0,0.0,0.0,2.0,0.0,1.0,0.0,0.0,0.0,0.0,0.0,0.0,0.0,0.0,0.0,0.0,True,,,,,,
NJ1013001,HAMPTON BOROUGH WATER DEPART,1401.0,,,,,,,2,0.0,0.0,0.0,1.0,0.0,0.0,0.0,0.0,0.0,0.0,0.0,0.0,0.0,0.0,0.0,0.0,0.0,0.0,0.0,0.0,1.0,0.0,0.0,0.0,True,,,,,,
NJ1012001,GLEN GARDNER W DEPT,1705.0,,,,,,,0,,,,,,,,,,,,,,,,,,,,,,,,,False,,,,,,
NJ1019002,SENATOR G.W. HAGEDORN PSYCHIATRIC HOSPIT,200.0,,,,,,,0,,,,,,,,,,,,,,,,,,,,,,,,,False,,,,,,
NJ1007001,DELAWARE TOWNSHIP MUA,500.0,,,,,,,0,,,,,,,,,,,,,,,,,,,,,,,,,False,,,,,,
NJ1011001,NJ AMERICAN WATER - FRENCHTOWN,1373.0,,,,,,,3,0.0,0.0,0.0,0.0,0.0,0.0,2.0,0.0,0.0,0.0,0.0,0.0,1.0,0.0,0.0,0.0,0.0,0.0,0.0,0.0,0.0,0.0,0.0,0.0,True,,,,,,
NJ1005001,CLINTON W DEPT,12500.0,0.0122,0.00065025,47.0,CLINTON W DEPT,True,False,0,,,,,,,,,,,,,,,,,,,,,,,,,False,12.333333333333334,5.733333333333333,8.833333333333334,77.60000000000001,151181.0,7718.0
NJ2103001,NJ AMERICAN WATER - BELVIDERE,2854.0,,,,,,,4,0.0,0.0,0.0,1.0,0.0,0.0,1.0,0.0,0.0,0.0,0.0,0.0,0.0,0.0,0.0,0.0,0.0,1.0,0.0,0.0,1.0,0.0,0.0,0.0,True,,,,,,
NJ2123002,WINDTRYST APTS,216.0,,,,,,,0,,,,,,,,,,,,,,,,,,,,,,,,,False,,,,,,
NJ1021363,HUNTERDON CARE CENTER,284.0,,,,,,,0,,,,,,,,,,,,,,,,,,,,,,,,,False,,,,,,
NJ2117003,OXFORD HERITAGE MANOR,60.0,,,,,,,0,,,,,,,,,,,,,,,,,,,,,,,,,False,,,,,,
NJ1019311,LITTLE BROOK NURSING CONVALESCENT HOME,36.0,,,,,,,0,,,,,,,,,,,,,,,,,,,,,,,,,False,,,,,,
NJ1436002,NJ AMERICAN WATER - ROXBURY,11793.0,0.0,0.0,0.0,NJ AMERICAN WATER - ROXBURY,False,False,4,0.0,0.0,0.0,0.0,0.0,0.0,0.0,0.0,0.0,0.0,1.0,0.0,0.0,0.0,0.0,0.0,0.0,0.0,1.0,0.0,0.0,0.0,0.0,2.0,True,17.33333333333333,5.966666666666666,13.799999999999999,71.8,122056.66666666667,5216.666666666667
NJ1436004,ROXBURY TWP W DEPT-SKY V,4478.0,0.0041,5.1250000000000006e-05,1.0,ROXBURY TWP W DEPT-SKY V,True,False,1,0.0,0.0,0.0,0.0,0.0,0.0,0.0,0.0,0.0,0.0,0.0,0.0,0.0,0.0,0.0,0.0,0.0,0.0,0.0,0.0,0.0,0.0,0.0,1.0,True,18.399999999999995,6.666666666666667,15.633333333333333,68.53333333333333,118927.0,5901.0
NJ1912001,HOPATCONG WATER DEPT,7224.0,0.0116,0.0006053435114503817,23.0,HOPATCONG WATER DEPT,True,False,0,,,,,,,,,,,,,,,,,,,,,,,,,False,15.400000000000006,4.7,23.6,67.5,108651.0,11098.0
NJ1420001,MINE HILL TWP WATER DEPT,4300.0,0.0,0.0,0.0,MINE HILL TWP WATER DEPT,False,False,1,0.0,0.0,0.0,0.0,0.0,0.0,0.0,0.0,0.0,0.0,0.0,0.0,0.0,0.0,0.0,0.0,0.0,1.0,0.0,0.0,0.0,0.0,0.0,0.0,True,28.59999999999999,4.3,32.2,48.0,119583.0,4048.0
NJ1904007,COLBY WATER CO,65.0,,,,,,,0,,,,,,,,,,,,,,,,,,,,,,,,,False,,,,,,
NJ1901001,ANDOVER BORO WATER DEPT,606.0,,,,,,,0,,,,,,,,,,,,,,,,,,,,,,,,,False,,,,,,
NJ1915001,NEWTON WATER & SEWER UTILITY,8300.0,0.0,0.0,0.0,NEWTON WATER & SEWER UTILITY,False,False,6,1.0,0.0,0.0,1.0,0.0,0.0,0.0,0.0,0.0,0.0,0.0,0.0,1.0,1.0,0.0,0.0,0.0,0.0,0.0,0.0,1.0,1.0,0.0,0.0,True,7.599999999999994,3.8,7.0,82.0,110045.0,26047.0
NJ1918003,SPARTA TWP WATER UTILITY -- HIGHLANDS,1618.0,,,,,,,0,,,,,,,,,,,,,,,,,,,,,,,,,False,,,,,,
NJ1920001,STILLWATER WATER DISTRICT 1,1200.0,,,,,,,0,,,,,,,,,,,,,,,,,,,,,,,,,False,,,,,,
NJ1918013,SPARTA TWP WTR - SUNSET,342.0,,,,,,,0,,,,,,,,,,,,,,,,,,,,,,,,,False,,,,,,
NJ1907001,GREEN HILLS EST PROP OWN,175.0,,,,,,,0,,,,,,,,,,,,,,,,,,,,,,,,,False,,,,,,
NJ1902346,SAINT PAULS ABBEY,530.0,,,,,,,0,,,,,,,,,,,,,,,,,,,,,,,,,False,,,,,,
NJ1902007,ROLLING HILLS CONDMINIUM ASSOCIATION,240.0,,,,,,,0,,,,,,,,,,,,,,,,,,,,,,,,,False,,,,,,
NJ1902004,VEOLIA WATER NEW JERSEY ANDOVER,115.0,,,,,,,0,,,,,,,,,,,,,,,,,,,,,,,,,False,,,,,,
NJ1902008,LIMECREST SUBACUTE AND REHAB CENTER,250.0,,,,,,,0,,,,,,,,,,,,,,,,,,,,,,,,,False,,,,,,
NJ1902005,ASCOT PARK APTS,125.0,,,,,,,0,,,,,,,,,,,,,,,,,,,,,,,,,False,,,,,,
NJ1414011,JEFFERSON TWP W U LK HOP,8500.0,0.0098,0.0013162500000000001,18.0,JEFFERSON TWP W U LK HOP,True,False,0,,,,,,,,,,,,,,,,,,,,,,,,,False,13.300000000000004,3.5999999999999996,25.05,65.94999999999999,109007.0,10093.0
NJ1511010,JBMDL - LAKEHURST,2903.0,,,,,,,1,0.0,0.0,0.0,0.0,0.0,0.0,0.0,0.0,0.0,0.0,0.0,0.0,0.0,0.0,0.0,1.0,0.0,0.0,0.0,0.0,0.0,0.0,0.0,0.0,True,,,,,,
NJ1523003,NJ AMERICAN WATER - NEW EGYPT,3495.0,,,,,,,0,,,,,,,,,,,,,,,,,,,,,,,,,False,,,,,,
NJ1513001,LAKEHURST WATER DEPT,2650.0,,,,,,,0,,,,,,,,,,,,,,,,,,,,,,,,,False,,,,,,
NJ1523002,DEEP RUN ADULT VILLAGE,400.0,,,,,,,0,,,,,,,,,,,,,,,,,,,,,,,,,False,,,,,,
NJ1511002,JACKSON ESTATES MOBILE HOME PK,440.0,,,,,,,0,,,,,,,,,,,,,,,,,,,,,,,,,False,,,,,,
NJ1511005,OAK TREE MOBILE HOME PARK,282.0,,,,,,,0,,,,,,,,,,,,,,,,,,,,,,,,,False,,,,,,
NJ1511008,SOUTH WIND MOBILE HOME V,625.0,,,,,,,0,,,,,,,,,,,,,,,,,,,,,,,,,False,,,,,,
NJ1432001,MORRIS COUNTY MUA,0.0,,,,,,,0,,,,,,,,,,,,,,,,,,,,,,,,,False,,,,,,
NJ1904004,NORTH SHORE WATER ASSOCIATION,105.0,,,,,,,0,,,,,,,,,,,,,,,,,,,,,,,,,False,,,,,,
NJ1904006,STRAWBERRY POINT POA,95.0,,,,,,,0,,,,,,,,,,,,,,,,,,,,,,,,,False,,,,,,
NJ2106304,FOREST MANOR RETIREMENT HOME,224.0,,,,,,,0,,,,,,,,,,,,,,,,,,,,,,,,,False,,,,,,
NJ2112001,VEOLIA WATER NJ INDEPENDENCE VALLEY VIEW,110.0,,,,,,,0,,,,,,,,,,,,,,,,,,,,,,,,,False,,,,,,
NJ1436006,ROXBURY TWP W DEPT-EVERGREEN,90.0,,,,,,,0,,,,,,,,,,,,,,,,,,,,,,,,,False,,,,,,
NJ1908308,TRANQUIL VALLEY RETREAT CENTER,232.0,,,,,,,0,,,,,,,,,,,,,,,,,,,,,,,,,False,,,,,,
NJ1426004,VEOLIA WATER NEW JERSEY ARLINGTON HILLS,1989.0,,,,,,,0,,,,,,,,,,,,,,,,,,,,,,,,,False,,,,,,
NJ1427010,NJ VASA HOME WATER SYS,125.0,,,,,,,0,,,,,,,,,,,,,,,,,,,,,,,,,False,,,,,,
NJ1427012,MOUNT OLIVE WATER DEPT L,57.0,,,,,,,0,,,,,,,,,,,,,,,,,,,,,,,,,False,,,,,,
NJ1904002,VEOLIA WATER NEW JERSEY EAST BROOKWOOD,612.0,,,,,,,0,,,,,,,,,,,,,,,,,,,,,,,,,False,,,,,,
NJ1427014,MT OLIVE TWP W D CARLTON,267.0,,,,,,,0,,,,,,,,,,,,,,,,,,,,,,,,,False,,,,,,
NJ1427002,MOUNT OLIVE W.D. GOLDMINE SYSTEM,267.0,,,,,,,0,,,,,,,,,,,,,,,,,,,,,,,,,False,,,,,,
NJ1426002,MOUNT ARLINGTON DPW KADEL SYS,1053.0,,,,,,,0,,,,,,,,,,,,,,,,,,,,,,,,,False,,,,,,
NJ1427007,MT OLIVE TWP W D VILLAGE,3600.0,0.0,0.0,0.0,MT OLIVE TWP W D VILLAGE,False,False,0,,,,,,,,,,,,,,,,,,,,,,,,,False,26.700000000000003,12.1,19.7,58.1,103320.0,15461.0
NJ1427008,MT OLIVE TWP WD PINECREST,648.0,,,,,,,0,,,,,,,,,,,,,,,,,,,,,,,,,False,,,,,,
NJ1427006,MOUNT OLIVE TWP W D SAND,744.0,,,,,,,0,,,,,,,,,,,,,,,,,,,,,,,,,False,,,,,,
NJ2112002,VEOLIA WATER NJ INDEPENDENCE HIGHLAND,350.0,,,,,,,0,,,,,,,,,,,,,,,,,,,,,,,,,False,,,,,,
NJ1904001,BROOKWOOD MUSCONETCONG RIVER POA,1087.0,,,,,,,0,,,,,,,,,,,,,,,,,,,,,,,,,False,,,,,,
NJ1427009,NJ AMERICAN WATER - WEST JERSEY,837.0,,,,,,,0,,,,,,,,,,,,,,,,,,,,,,,,,False,,,,,,
NJ1427018,MORRIS CHASE/MORRIS HUNT PCWS,1080.0,,,,,,,0,,,,,,,,,,,,,,,,,,,,,,,,,False,,,,,,
NJ1427001,MT OLIVE VILLAGES WATER,5000.0,0.0063,0.000775,18.0,MT OLIVE VILLAGES WATER,True,False,0,,,,,,,,,,,,,,,,,,,,,,,,,False,26.700000000000003,12.1,19.7,58.1,103320.0,15461.0
NJ1427015,MT OLIVE TWP TINC FARM,597.0,,,,,,,0,,,,,,,,,,,,,,,,,,,,,,,,,False,,,,,,
NJ1428001,NETCONG WATER DEPT,3342.0,0.0086,0.0009625,21.0,NETCONG WATER DEPT,True,False,1,0.0,0.0,0.0,0.0,0.0,0.0,0.0,0.0,0.0,0.0,0.0,0.0,0.0,1.0,0.0,0.0,0.0,0.0,0.0,0.0,0.0,0.0,0.0,0.0,True,25.4,9.65,23.45,58.25,94609.0,9594.5
NJ1919001,STANHOPE W DEPT,3730.0,0.0122,0.0011091666666666667,22.0,STANHOPE W DEPT,True,False,0,,,,,,,,,,,,,,,,,,,,,,,,,False,9.900000000000006,1.7,19.0,74.8,132500.0,8752.0
NJ1427017,NJ AMERICAN WATER - ITC,6463.0,0.0073,0.00016916666666666667,4.0,NJ AMERICAN WATER - ITC,True,False,8,1.0,0.0,0.0,2.0,1.0,0.0,2.0,0.0,0.0,0.0,0.0,0.0,0.0,0.0,0.0,0.0,0.0,1.0,0.0,0.0,0.0,0.0,0.0,1.0,True,21.25,9.1,18.299999999999997,63.0,127617.5,13577.5
NJ2101001,ALLAMUCHY TWP WATER & SEWER,5423.0,0.0033,8.25e-05,1.0,ALLAMUCHY TWP WATER & SEWER,False,False,0,,,,,,,,,,,,,,,,,,,,,,,,,False,9.699999999999994,4.75,10.700000000000001,79.9,113732.5,11944.0
NJ1426005,MOUNT ARLINGTON BORO DPW MAIN,1978.0,0.0,0.0,0.0,MOUNT ARLINGTON BORO DPW MAIN,False,False,0,,,,,,,,,,,,,,,,,,,,,,,,,False,16.599999999999994,8.8,11.7,75.2,92466.0,4774.0
NJ1436003,ROXBURY TWP W DEPT-SHORE,5153.0,0.0056,0.0003475,6.0,ROXBURY TWP W DEPT-SHORE,True,False,0,,,,,,,,,,,,,,,,,,,,,,,,,False,18.049999999999997,7.65,17.65,63.9,113172.5,5530.5
NJ1427005,MOUNT OLIVE TWP W D MAIN,7887.0,0.0064,0.0009716666666666668,24.0,MOUNT OLIVE TWP W D MAIN,True,False,1,0.0,0.0,0.0,0.0,0.0,0.0,0.0,0.0,0.0,0.0,0.0,0.0,0.0,0.0,0.0,0.0,0.0,0.0,0.0,0.0,0.0,0.0,0.0,1.0,True,21.25,9.1,18.299999999999997,63.0,127617.5,13577.5
NJ1439001,WHARTON WATER DEPT,6342.0,0.0053,0.0002575,8.0,WHARTON WATER DEPT,True,False,2,0.0,0.0,0.0,0.0,0.0,0.0,0.0,0.0,0.0,0.0,0.0,1.0,0.0,0.0,0.0,0.0,0.0,0.0,0.0,0.0,1.0,0.0,0.0,0.0,True,13.400000000000006,4.8,36.1,58.3,100716.0,11806.0
NJ2108001,HACKETTSTOWN MUA,22000.0,0.0,0.0,0.0,HACKETTSTOWN MUA,False,False,16,2.0,0.0,0.0,2.0,0.0,0.0,9.0,0.0,0.0,0.0,0.0,0.0,1.0,1.0,0.0,0.0,0.0,0.0,1.0,0.0,0.0,0.0,0.0,0.0,True,18.09999999999999,8.5,18.1,68.2,105866.0,32105.0
NJ2113301,CLOVER REST HOME,64.0,,,,,,,0,,,,,,,,,,,,,,,,,,,,,,,,,False,,,,,,
NJ2113002,RIVERSIDE MHP,85.0,0.0,0.0,0.0,RIVERSIDE MOBILE HOME PA,False,False,0,,,,,,,,,,,,,,,,,,,,,,,,,False,5.599999999999994,2.6,11.0,83.3,106424.0,3593.0
NJ2113003,TRIPLE BROOK MOBILE HOME,32.0,,,,,,,0,,,,,,,,,,,,,,,,,,,,,,,,,False,,,,,,
NJ2116004,WARREN HAVEN REHABILITATION & NURSING CT,430.0,,,,,,,0,,,,,,,,,,,,,,,,,,,,,,,,,False,,,,,,
NJ1406002,WINDY ACRES MOBILE HOME,100.0,,,,,,,0,,,,,,,,,,,,,,,,,,,,,,,,,False,,,,,,
NJ2116002,HILLSIDE VILLAGE,75.0,,,,,,,0,,,,,,,,,,,,,,,,,,,,,,,,,False,,,,,,
NJ1438006,SHERWOOD VILLAGE,75.0,,,,,,,0,,,,,,,,,,,,,,,,,,,,,,,,,False,,,,,,
NJ1407001,AWM FOUR SEASONS AT CHESTER,280.0,,,,,,,0,,,,,,,,,,,,,,,,,,,,,,,,,False,,,,,,
NJ1024001,NJ AMERICAN WATER - OLDWICK,246.0,,,,,,,0,,,,,,,,,,,,,,,,,,,,,,,,,False,,,,,,
NJ1803002,NJ AMERICAN WATER - TWIN LAKES,250.0,,,,,,,0,,,,,,,,,,,,,,,,,,,,,,,,,False,,,,,,
NJ1817001,ROCKY HILL W DEPT,687.0,,,,,,,2,0.0,0.0,0.0,0.0,0.0,0.0,1.0,0.0,0.0,0.0,0.0,1.0,0.0,0.0,0.0,0.0,0.0,0.0,0.0,0.0,0.0,0.0,0.0,0.0,True,,,,,,
NJ1107001,LAWRENCEVILLE SCHOOL,1000.0,,,,,,,0,,,,,,,,,,,,,,,,,,,,,,,,,False,,,,,,
NJ1105001,HOPEWELL BORO W DEPT,2035.0,,,,,,,0,,,,,,,,,,,,,,,,,,,,,,,,,False,,,,,,
NJ1108001,PENNINGTON W DEPT,2600.0,,,,,,,0,,,,,,,,,,,,,,,,,,,,,,,,,False,,,,,,
NJ1438004,WASHINGTON TWP MUA-SCHOO,4986.0,0.0097,0.0003440625,20.0,WASHINGTON TWP MUA-SCHOO,True,False,0,,,,,,,,,,,,,,,,,,,,,,,,,False,12.549999999999995,4.9,13.200000000000001,75.45,140829.0,22222.0
NJ1438003,WASHINGTON TWP MUA-HAGER,3458.0,0.0055,0.0001575,4.0,WASHINGTON TWP MUA-HAGER,True,False,1,0.0,0.0,0.0,1.0,0.0,0.0,0.0,0.0,0.0,0.0,0.0,0.0,0.0,0.0,0.0,0.0,0.0,0.0,0.0,0.0,0.0,0.0,0.0,0.0,True,7.433333333333333,3.1333333333333333,6.1000000000000005,84.26666666666667,199199.33333333334,9455.333333333334
NJ1111001,TRENTON WATER WORKS,217000.0,0.0,0.0,0.0,TRENTON WATER WORKS,False,False,84,10.0,1.0,0.0,9.0,5.0,2.0,14.0,0.0,0.0,0.0,0.0,0.0,12.0,2.0,0.0,5.0,0.0,2.0,2.0,4.0,9.0,4.0,0.0,3.0,True,47.5923076923077,27.992307692307694,26.46923076923077,40.5,93687.84615384616,20237.53846153846
NJ2104001,TOWNSHIP OF BLAIRSTOWN DPW,800.0,,,,,,,1,0.0,0.0,0.0,0.0,0.0,0.0,1.0,0.0,0.0,0.0,0.0,0.0,0.0,0.0,0.0,0.0,0.0,0.0,0.0,0.0,0.0,0.0,0.0,0.0,True,,,,,,
NJ1902003,LAKE LENAPE WATER CO,1250.0,,,,,,,0,,,,,,,,,,,,,,,,,,,,,,,,,False,,,,,,
NJ1904003,FOREST LAKES W CO,1410.0,,,,,,,0,,,,,,,,,,,,,,,,,,,,,,,,,False,,,,,,
NJ1918004,SPARTA TWP WATER UTILITY - LAKE MOHAWK,17625.0,0.0144,0.0009548076923076923,85.0,SPARTA TWP WATER UTILITY - LAKE MOHAWK,True,False,1,0.0,0.0,0.0,0.0,0.0,0.0,0.0,0.0,0.0,0.0,0.0,0.0,1.0,0.0,0.0,0.0,0.0,0.0,0.0,0.0,0.0,0.0,0.0,0.0,True,9.700000000000005,1.4,9.0,81.0,167654.0,21437.0
NJ1302001,ALLENTOWN WATER DEPT,2000.0,0.0,0.0,0.0,ALLENTOWN WATER DEPT,False,False,1,0.0,0.0,0.0,0.0,0.0,0.0,0.0,0.0,0.0,0.0,0.0,0.0,0.0,0.0,0.0,0.0,0.0,0.0,0.0,0.0,0.0,0.0,0.0,1.0,True,6.400000000000006,1.7,7.0,86.2,146182.0,6364.0
NJ1432003,RANDOLPH TWP PUBLIC WORKS DEPT,14820.0,0.0,0.0,0.0,RANDOLPH TWP PUBLIC WORKS DEPT,False,False,4,0.0,0.0,0.0,0.0,0.0,0.0,3.0,0.0,0.0,0.0,0.0,0.0,0.0,0.0,0.0,0.0,0.0,0.0,0.0,0.0,0.0,0.0,0.0,1.0,True,9.800000000000002,1.8333333333333333,8.433333333333334,78.76666666666667,169497.0,11975.666666666666
NJ0329008,PINEFIELD APARTMENTS,120.0,,,,,,,0,,,,,,,,,,,,,,,,,,,,,,,,,False,,,,,,
NJ0326006,JBMDL - MCGUIRE AFB,12227.0,0.0,0.0,0.0,MCGUIRE AFB,False,False,5,1.0,0.0,0.0,0.0,0.0,0.0,0.0,0.0,0.0,0.0,0.0,0.0,0.0,0.0,0.0,3.0,0.0,0.0,0.0,0.0,0.0,0.0,0.0,1.0,True,21.700000000000003,18.0,21.3,55.2,74071.0,4400.0
NJ0329004,PEMBERTON TWP DEPT MAIN,12378.0,0.0,0.0,0.0,PEMBERTON TWP DEPT MAIN,False,False,0,,,,,,,,,,,,,,,,,,,,,,,,,False,28.299999999999997,17.8,16.4,61.0,80889.0,19567.0
NJ0329002,HILLTOP MOBILE VILLAGE,200.0,,,,,,,0,,,,,,,,,,,,,,,,,,,,,,,,,False,,,,,,
NJ0326009,WAGON WHEEL ESTATES,86.0,,,,,,,0,,,,,,,,,,,,,,,,,,,,,,,,,False,,,,,,
NJ0326013,MILLSTREAM APTS,88.0,,,,,,,0,,,,,,,,,,,,,,,,,,,,,,,,,False,,,,,,
NJ0340002,MAPLEWOOD APARTMENTS,55.0,,,,,,,0,,,,,,,,,,,,,,,,,,,,,,,,,False,,,,,,
NJ1512001,LACEY TWP MUA,29000.0,0.0,0.0,0.0,LACEY TWP MUA,False,False,1,0.0,0.0,0.0,0.0,0.0,0.0,0.0,0.0,0.0,0.0,0.0,0.0,0.0,0.0,0.0,0.0,0.0,0.0,0.0,0.0,1.0,0.0,0.0,0.0,True,3.6000000000000014,2.1,10.35,86.4,107291.0,14754.0
NJ2117002,HIGHLANDER HILLS ESTATES,120.0,,,,,,,0,,,,,,,,,,,,,,,,,,,,,,,,,False,,,,,,
NJ1006302,ROLLING HILLS CARE CENTER,97.0,,,,,,,0,,,,,,,,,,,,,,,,,,,,,,,,,False,,,,,,
NJ2123003,"COUNTRY VIEW VILLAGE, LLC",310.0,,,,,,,0,,,,,,,,,,,,,,,,,,,,,,,,,False,,,,,,
NJ1106001,WASHINGTON CROSSING PARK ESTATES,356.0,,,,,,,0,,,,,,,,,,,,,,,,,,,,,,,,,False,,,,,,
NJ1009001,FLEMINGTON WATER DEPARTMENT,4581.0,0.0095,0.000795,26.0,FLEMINGTON WATER DEPARTMENT,True,False,3,0.0,0.0,0.0,0.0,0.0,0.0,0.0,0.0,0.0,0.0,0.0,0.0,0.0,0.0,0.0,0.0,0.0,1.0,1.0,0.0,1.0,0.0,0.0,0.0,True,15.599999999999994,3.1,12.1,75.4,137788.0,32556.0
NJ1019003,CAMELOT AT SPRUCE RIDGE,85.0,,,,,,,0,,,,,,,,,,,,,,,,,,,,,,,,,False,,,,,,
NJ1025313,COUNTRY ARCH CARE CENTER,190.0,,,,,,,0,,,,,,,,,,,,,,,,,,,,,,,,,False,,,,,,
NJ1017001,VEOLIA WATER NEW JERSEY LAMBERTVILLE,3960.0,0.0,0.0,0.0,SUEZ WATER NEW JERSEY LAMBERTVILLE,False,False,2,0.0,0.0,0.0,0.0,0.0,0.0,0.0,0.0,0.0,0.0,0.0,0.0,0.0,0.0,0.0,0.0,0.0,0.0,0.0,0.0,0.0,0.0,1.0,1.0,True,12.299999999999995,6.2,10.2,79.3,120467.0,8119.0
NJ1014001,HIGH BRIDGE W DEPT,3300.0,0.0049,0.00026375,5.0,HIGH BRIDGE W DEPT,True,False,1,0.0,0.0,0.0,0.0,0.0,0.0,1.0,0.0,0.0,0.0,0.0,0.0,0.0,0.0,0.0,0.0,0.0,0.0,0.0,0.0,0.0,0.0,0.0,0.0,True,14.825,6.8,10.825,75.15,129326.5,5752.25
NJ2121001,NJ AMERICAN WATER - WASHINGTON/OXFORD,10719.0,0.0071,0.00024125,11.0,NJ AMERICAN WATER - WASHINGTON/OXFORD,True,False,13,1.0,0.0,0.0,5.0,0.0,0.0,0.0,0.0,1.0,0.0,0.0,0.0,0.0,0.0,0.0,0.0,0.0,0.0,2.0,0.0,2.0,0.0,2.0,0.0,True,11.166666666666666,4.633333333333333,11.566666666666668,77.39999999999999,103263.33333333333,7253.0
NJ1020001,MILFORD W DEPT,1453.0,,,,,,,1,0.0,0.0,0.0,0.0,0.0,0.0,0.0,0.0,0.0,0.0,0.0,0.0,0.0,0.0,0.0,0.0,0.0,0.0,1.0,0.0,0.0,0.0,0.0,0.0,True,,,,,,
NJ0307002,ALBERT C WAGNER YOUTH CO,2500.0,,,,,,,0,,,,,,,,,,,,,,,,,,,,,,,,,False,,,,,,
NJ0320001,MEDFORD TWP DEPT OF MUNI,17272.0,0.0,0.0,0.0,MEDFORD TWP DEPT OF MUNI,False,False,2,0.0,0.0,0.0,1.0,0.0,0.0,0.0,0.0,0.0,0.0,0.0,0.0,0.0,0.0,0.0,0.0,0.0,0.0,0.0,0.0,0.0,0.0,1.0,0.0,True,5.599999999999994,3.1,2.7,87.5,155710.0,29109.0
NJ0424001,MERCHANTVILLE PENNSAUKEN,47144.0,0.012,0.00048803088803088806,21.0,MERCHANTVILLE PENNSAUKEN,True,False,44,2.0,0.0,0.0,5.0,3.0,0.0,3.0,0.0,0.0,0.0,0.0,0.0,5.0,1.0,2.0,0.0,0.0,3.0,1.0,4.0,5.0,6.0,0.0,4.0,True,38.85,19.6,24.450000000000003,48.625,95768.25,21462.25
NJ0802001,DEPTFORD TWP MUA,30561.0,0.0058,0.0001422222222222222,13.0,DEPTFORD TWP MUA,True,False,2,0.0,0.0,0.0,0.0,0.0,0.0,0.0,0.0,0.0,0.0,0.0,0.0,1.0,0.0,0.0,0.0,0.0,0.0,0.0,0.0,0.0,0.0,0.0,1.0,True,23.200000000000003,18.7,14.7,63.7,89013.0,35336.0
NJ0408001,CITY OF CAMDEN,46585.0,0.0129,0.0011066666666666666,19.0,CITY OF CAMDEN,True,False,28,2.0,0.0,1.0,6.0,1.0,0.0,1.0,0.0,0.0,0.0,0.0,0.0,8.0,1.0,0.0,0.0,0.0,3.0,0.0,0.0,0.0,2.0,2.0,1.0,True,80.46666666666665,54.0,44.06666666666666,6.733333333333333,36271.666666666664,14337.666666666666
NJ0319001,MAPLE SHADE WATER DEPARTMENT,19400.0,0.007,0.0004725,12.0,MAPLE SHADE WATER DEPARTMENT,True,False,10,0.0,0.0,0.0,3.0,0.0,0.0,0.0,0.0,0.0,0.0,0.0,0.0,0.0,0.0,0.0,0.0,0.0,3.0,0.0,2.0,2.0,0.0,0.0,0.0,True,27.5,12.0,15.7,63.9,79087.0,20127.0
NJ0814001,PAULSBORO WATER DEPARTMENT,6097.0,0.0061,0.00015250000000000002,2.0,PAULSBORO WATER DEPARTMENT,True,False,9,0.0,0.0,0.0,4.0,0.0,0.0,0.0,0.0,0.0,0.0,0.0,0.0,0.0,0.0,0.0,0.0,0.0,0.0,0.0,5.0,0.0,0.0,0.0,0.0,True,40.1,40.2,17.7,40.3,65070.0,7760.0
NJ0412001,COLLINGSWOOD WATER DEPAR,24500.0,0.0,0.0,0.0,COLLINGSWOOD WATER DEPAR,False,False,0,,,,,,,,,,,,,,,,,,,,,,,,,False,7.700000000000003,5.5,6.8,83.2,108151.0,18654.0
NJ0404001,BELLMAWR WATER DEPT,9522.0,0.0,0.0,0.0,BELLMAWR WATER DEPT,False,False,3,0.0,0.0,0.0,0.0,0.0,0.0,0.0,0.0,0.0,0.0,0.0,0.0,1.0,0.0,0.0,0.0,0.0,0.0,0.0,0.0,0.0,1.0,0.0,1.0,True,20.700000000000003,8.7,13.1,68.9,76654.0,11737.0
NJ0812001,NATIONAL PARK WATER DEPARTMENT,3144.0,,,,,,,1,0.0,0.0,0.0,0.0,0.0,0.0,0.0,0.0,0.0,0.0,0.0,0.0,0.0,0.0,0.0,0.0,0.0,0.0,0.0,0.0,0.0,0.0,0.0,1.0,True,,,,,,
NJ0821001,WESTVILLE WATER DEPARTMENT,6000.0,0.0167,0.0015300000000000001,7.0,WESTVILLE WATER DEPARTMENT,True,False,4,0.0,0.0,0.0,0.0,0.0,0.0,2.0,0.0,0.0,0.0,0.0,0.0,0.0,0.0,0.0,0.0,0.0,0.0,0.0,1.0,0.0,0.0,0.0,1.0,True,23.799999999999997,18.6,10.8,66.9,64104.0,9438.0
NJ0407001,BROOKLAWN WATER DEPARTME,2300.0,0.0153,0.000515,2.0,BROOKLAWN WATER DEPARTMENT,True,False,0,,,,,,,,,,,,,,,,,,,,,,,,,False,26.5,16.0,22.8,60.1,63384.0,13217.0
NJ0329003,PEMBERTON TOWNSHIP WATER - LAKE VALLEY,3500.0,0.0,0.0,0.0,PEMBERTON TOWNSHIP WATER - LAKE VALLEY,False,False,0,,,,,,,,,,,,,,,,,,,,,,,,,False,36.5,27.8,16.5,49.4,83194.0,6613.0
NJ0339001,NEW LISBON DEVELOPMENT CTR,2014.0,,,,,,,1,0.0,0.0,0.0,0.0,0.0,0.0,0.0,0.0,0.0,0.0,0.0,0.0,0.0,0.0,0.0,0.0,0.0,0.0,0.0,0.0,0.0,0.0,0.0,1.0,True,,,,,,
NJ0320002,ESTAUGH CORP T/A MEDFORD LEAS,450.0,,,,,,,0,,,,,,,,,,,,,,,,,,,,,,,,,False,,,,,,
NJ0333004,NJ AMERICAN WATER - VINCENTOWN,598.0,,,,,,,0,,,,,,,,,,,,,,,,,,,,,,,,,False,,,,,,
NJ0335001,"ALLENWOOD ESTATES, LLC",135.0,,,,,,,0,,,,,,,,,,,,,,,,,,,,,,,,,False,,,,,,
NJ0324001,MT LAUREL TWP MUA,41743.0,0.009,0.000196875,5.0,MT LAUREL TWP MUA,True,False,5,1.0,0.0,0.0,1.0,1.0,0.0,0.0,0.0,0.0,0.0,0.0,0.0,0.0,0.0,0.0,0.0,0.0,1.0,0.0,0.0,0.0,1.0,0.0,0.0,True,27.799999999999997,15.6,5.3,65.3,118802.0,46026.0
NJ0323001,NJ AMERICAN WATER - MOUNT HOLLY,47427.0,0.0051,0.0001355,6.0,NJ AMERICAN WATER - MOUNT HOLLY,True,False,16,3.0,0.0,0.0,1.0,1.0,0.0,1.0,0.0,0.0,0.0,0.0,0.0,3.0,1.0,0.0,0.0,0.0,0.0,0.0,0.0,1.0,1.0,0.0,4.0,True,25.6,21.6,10.05,62.35,120827.5,13488.5
NJ0325001,JBMDL-DIX MAIN SYSTEM,12765.0,0.0,0.0,0.0,JBMDL-DIX MAIN SYSTEM,False,False,4,0.0,0.0,0.0,0.0,0.0,0.0,0.0,0.0,0.0,0.0,0.0,0.0,0.0,0.0,0.0,3.0,0.0,0.0,0.0,0.0,0.0,0.0,0.0,1.0,True,34.900000000000006,32.2,28.5,38.9,92303.0,7984.0
NJ0306001,BURLINGTON TWP W DEPT,22594.0,0.0185,0.0010966666666666666,20.0,BURLINGTON TWP W DEPT,True,False,14,2.0,0.0,0.0,2.0,1.0,0.0,1.0,0.0,0.0,0.0,0.0,0.0,0.0,0.0,0.0,0.0,0.0,1.0,0.0,1.0,5.0,0.0,0.0,1.0,True,45.9,41.1,9.0,43.4,98463.0,34920.0
NJ0315001,FLORENCE TWP W DEPT,11214.0,0.0132,0.001925,11.0,FLORENCE TWP W DEPT,True,False,1,0.0,0.0,0.0,0.0,0.0,0.0,0.0,0.0,0.0,0.0,0.0,0.0,0.0,1.0,0.0,0.0,0.0,0.0,0.0,0.0,0.0,0.0,0.0,0.0,True,30.59999999999999,17.8,11.3,53.0,97045.0,6508.0
NJ0305001,BURLINGTON CITY WATER DE,9835.0,0.0035,8.625e-05,2.0,BURLINGTON CITY WATER DE,False,False,4,0.0,0.0,0.0,0.0,0.0,0.0,0.0,0.0,0.0,0.0,0.0,0.0,1.0,0.0,0.0,1.0,0.0,0.0,0.0,1.0,0.0,0.0,0.0,1.0,True,45.9,41.1,9.0,43.4,98463.0,34920.0
NJ0329001,PEMBERTON TWP WATER - NEW LISBON,500.0,,,,,,,0,,,,,,,,,,,,,,,,,,,,,,,,,False,,,,,,
NJ0318002,NJ AMERICAN WATER - HOMESTEAD,2420.0,,,,,,,0,,,,,,,,,,,,,,,,,,,,,,,,,False,,,,,,
NJ0328001,PEMBERTON BOROUGH WATER,1771.0,,,,,,,0,,,,,,,,,,,,,,,,,,,,,,,,,False,,,,,,
NJ0314001,FIELDSBORO WATER DEPARTMENT,650.0,,,,,,,2,0.0,0.0,0.0,1.0,1.0,0.0,0.0,0.0,0.0,0.0,0.0,0.0,0.0,0.0,0.0,0.0,0.0,0.0,0.0,0.0,0.0,0.0,0.0,0.0,True,,,,,,
NJ0340001,WRIGHTSTOWN MUA,748.0,,,,,,,0,,,,,,,,,,,,,,,,,,,,,,,,,False,,,,,,
NJ0329006,NJ AMERICAN WATER - SUNBURY,888.0,,,,,,,0,,,,,,,,,,,,,,,,,,,,,,,,,False,,,,,,
NJ0329009,PEMBERTON TWP WATER DEPT - PEMBERTON HEI,650.0,,,,,,,0,,,,,,,,,,,,,,,,,,,,,,,,,False,,,,,,
NJ0333002,MOBILE ESTATES OF SOUTHA,700.0,,,,,,,0,,,,,,,,,,,,,,,,,,,,,,,,,False,,,,,,
NJ0333003,RICHARDS MOBILE HOME COU,100.0,,,,,,,0,,,,,,,,,,,,,,,,,,,,,,,,,False,,,,,,
NJ0311001,FENIMORE TRAILER PARK,88.0,,,,,,,0,,,,,,,,,,,,,,,,,,,,,,,,,False,,,,,,
NJ0311002,FENIMORE WOODS MHP,40.0,,,,,,,0,,,,,,,,,,,,,,,,,,,,,,,,,False,,,,,,
NJ1007002,ROSEMONT WATER COMPANY,256.0,,,,,,,0,,,,,,,,,,,,,,,,,,,,,,,,,False,,,,,,
NJ1505004,BERKELEY TWP MUA,11235.0,0.0,0.0,0.0,BERKELEY TWP MUA,False,False,0,,,,,,,,,,,,,,,,,,,,,,,,,False,11.099999999999994,4.6,10.1,79.8,105273.0,22783.0
NJ1518004,MANCHESTER TWP  WATER UTILITY - WESTERN,15613.0,0.0113,0.00034125,9.0,MANCHESTER TWP  WATER UTILITY - WESTERN,True,False,0,,,,,,,,,,,,,,,,,,,,,,,,,False,8.5,5.2,6.1,85.8,52178.0,34237.0
NJ1504001,BEACHWOOD WATER DEPT,10802.0,0.0,0.0,0.0,BEACHWOOD WATER DEPT,False,False,0,,,,,,,,,,,,,,,,,,,,,,,,,False,9.200000000000005,4.9,14.7,78.9,106858.0,11088.0
NJ1522001,PINE BEACH WATER DEPT,2130.0,,,,,,,0,,,,,,,,,,,,,,,,,,,,,,,,,False,,,,,,
NJ1510001,ISLAND HEIGHTS WATER DEP,1750.0,,,,,,,0,,,,,,,,,,,,,,,,,,,,,,,,,False,,,,,,
NJ1521001,OCEAN GATE WATER DEPT,3200.0,,,,,,,0,,,,,,,,,,,,,,,,,,,,,,,,,False,,,,,,
NJ1518002,CEDAR GLEN LAKES WATER C,2126.0,,,,,,,0,,,,,,,,,,,,,,,,,,,,,,,,,False,,,,,,
NJ0329005,PINEVIEW TERRACE INCORPORATED,300.0,,,,,,,0,,,,,,,,,,,,,,,,,,,,,,,,,False,,,,,,
NJ1511016,MEADOWBROOK CO-OP INC,150.0,,,,,,,0,,,,,,,,,,,,,,,,,,,,,,,,,False,,,,,,
NJ1511004,MAPLE GLEN MOBILE HOME PARK,120.0,,,,,,,0,,,,,,,,,,,,,,,,,,,,,,,,,False,,,,,,
NJ1518010,MANCHESTER VILLAGE,208.0,,,,,,,0,,,,,,,,,,,,,,,,,,,,,,,,,False,,,,,,
NJ1523004,OAK GROVE MHP,100.0,,,,,,,0,,,,,,,,,,,,,,,,,,,,,,,,,False,,,,,,
NJ1523001,COLLIER MILLS MOBILE HOME PARK INC,100.0,,,,,,,0,,,,,,,,,,,,,,,,,,,,,,,,,False,,,,,,
NJ1511011,ALL SEASONS MOBILE HOME PARK,126.0,,,,,,,0,,,,,,,,,,,,,,,,,,,,,,,,,False,,,,,,
NJ1511007,SILVER PINE PARK LAND LLC,92.0,,,,,,,0,,,,,,,,,,,,,,,,,,,,,,,,,False,,,,,,
NJ1511003,"LAND O PINES MOBILE HOME PARK, INC",128.0,,,,,,,0,,,,,,,,,,,,,,,,,,,,,,,,,False,,,,,,
NJ0326007,SOUTHS MOBILE HOME PARK,110.0,,,,,,,0,,,,,,,,,,,,,,,,,,,,,,,,,False,,,,,,
NJ0326005,CEDAR GROVE APARTMENTS,96.0,,,,,,,0,,,,,,,,,,,,,,,,,,,,,,,,,False,,,,,,
NJ0327001,NJ AMERICAN WATER - WESTERN,264586.0,0.0049,4.3214285714285716e-05,6.0,NJ AMERICAN WATER - WESTERN,True,False,89,4.0,0.0,0.0,8.0,3.0,0.0,11.0,0.0,0.0,0.0,0.0,3.0,12.0,6.0,0.0,3.0,0.0,4.0,0.0,5.0,2.0,18.0,1.0,9.0,True,32.68484848484848,19.742424242424242,17.578787878787878,57.121212121212125,93737.18181818182,16452.969696969696
NJ0313001,EVESHAM MUA,45538.0,0.0038,1.4423076923076923e-05,2.0,EVESHAM MUA,False,False,1,0.0,0.0,0.0,0.0,0.0,0.0,0.0,0.0,0.0,0.0,0.0,0.0,0.0,0.0,0.0,0.0,0.0,0.0,0.0,0.0,0.0,0.0,0.0,1.0,True,13.299999999999995,6.1,6.4,78.8,118670.0,48179.0
NJ0820001,WEST DEPTFORD TWP WATER DEPT,22000.0,0.016,0.0002976923076923077,11.0,WEST DEPTFORD TWP WATER DEPT,True,False,38,0.0,0.0,0.0,7.0,0.0,0.0,2.0,0.0,0.0,0.0,2.0,0.0,2.0,0.0,0.0,0.0,0.0,2.0,0.0,8.0,7.0,2.0,0.0,6.0,True,19.016666666666666,16.0,10.033333333333333,70.96666666666667,81790.83333333333,12843.333333333334
NJ1346001,SHREWSBURY TWP - AVMA,499.0,,,,,,,0,,,,,,,,,,,,,,,,,,,,,,,,,False,,,,,,
NJ1304001,ATLANTIC HIGHLANDS WATER,4385.0,0.0,0.0,0.0,ATLANTIC HIGHLANDS WATER,False,False,0,,,,,,,,,,,,,,,,,,,,,,,,,False,7.299999999999997,3.4,3.8,87.8,126591.0,8893.0
NJ1340001,RED BANK WATER DEPT,12520.0,0.0066,0.000534375,18.0,RED BANK WATER DEPT,True,False,0,,,,,,,,,,,,,,,,,,,,,,,,,False,9.100000000000001,3.9000000000000004,10.0,83.5,112143.0,15273.0
NJ1331001,GATEWAY NATIONAL REC ARE,500.0,,,,,,,2,0.0,0.0,0.0,0.0,0.0,0.0,0.0,0.0,0.0,0.0,0.0,0.0,0.0,0.0,0.0,2.0,0.0,0.0,0.0,0.0,0.0,0.0,0.0,0.0,True,,,,,,
NJ1421305,SIGNATURE CARE HOME @ MONTVILLE,46.0,,,,,,,0,,,,,,,,,,,,,,,,,,,,,,,,,False,,,,,,
NJ1435001,HOFFMAN HOMES,120.0,,,,,,,0,,,,,,,,,,,,,,,,,,,,,,,,,False,,,,,,
NJ0703001,CALDWELL WATER DEPT,9027.0,0.0154,0.00077625,10.0,CALDWELL WATER DEPT,True,False,0,,,,,,,,,,,,,,,,,,,,,,,,,False,15.400000000000006,5.2,12.7,72.0,149102.0,26654.0
NJ1401001,BOONTON WATER DEPT,9532.0,0.0111,0.0009,21.0,BOONTON WATER DEPT,True,False,7,0.0,0.0,0.0,1.0,0.0,0.0,2.0,0.0,0.0,0.0,0.0,0.0,2.0,1.0,0.0,0.0,1.0,0.0,0.0,0.0,0.0,0.0,0.0,0.0,True,19.633333333333336,2.766666666666666,7.266666666666667,70.86666666666666,158853.5,10151.0
NJ1434001,ROCKAWAY BORO WATER DEPT,7066.0,0.0142,0.002545,15.0,ROCKAWAY BORO WATER DEPT,True,False,3,0.0,0.0,0.0,0.0,0.0,0.0,0.0,0.0,0.0,0.0,0.0,0.0,1.0,0.0,0.0,0.0,0.0,2.0,0.0,0.0,0.0,0.0,0.0,0.0,True,31.1,5.85,41.2,47.150000000000006,107960.0,24895.5
NJ1425001,MOUNTAIN LAKES WATER DEP,4012.0,0.0133,0.00045928571428571427,8.0,MOUNTAIN LAKES WATER DEP,True,False,2,0.0,0.0,0.0,0.0,0.0,0.0,0.0,0.0,0.0,0.0,0.0,0.0,0.0,0.0,0.0,0.0,0.0,0.0,0.0,0.0,0.0,1.0,0.0,1.0,True,15.299999999999995,0.2,3.8,76.5,,4585.0
NJ0721001,WEST CALDWELL WATER DEPARTMENT,10759.0,0.0083,0.001245,18.0,WEST CALDWELL WATER DEPARTMENT,True,False,13,0.0,0.0,0.0,2.0,0.0,0.0,3.0,0.0,0.0,0.0,0.0,0.0,1.0,2.0,0.0,0.0,0.0,0.0,0.0,0.0,0.0,5.0,0.0,0.0,True,15.400000000000006,5.2,12.7,72.0,149102.0,26654.0
NJ1409001,DOVER WATER COMMISSION,27806.0,0.012,0.00154375,23.0,DOVER WATER COMMISSION,True,False,13,0.0,0.0,0.0,0.0,0.0,0.0,1.0,0.0,0.0,1.0,1.0,0.0,1.0,0.0,0.0,1.0,0.0,0.0,0.0,1.0,0.0,1.0,0.0,6.0,True,27.36666666666667,5.599999999999999,33.5,52.46666666666667,128472.33333333333,25271.0
NJ0707001,FAIRFIELD WATER DEPT,7400.0,0.0115,0.00141375,17.0,FAIRFIELD WATER DEPT,True,False,40,2.0,0.0,0.0,5.0,0.0,0.0,7.0,0.0,0.0,0.0,0.0,0.0,5.0,7.0,0.0,0.0,0.0,2.0,2.0,0.0,2.0,7.0,1.0,0.0,True,10.350000000000001,3.5,12.2,77.1,132541.0,17239.0
NJ1408001,DENVILLE TWP WATER DEPT,15881.0,0.012,0.0009285000000000001,32.0,DENVILLE TWP WATER DEPT,True,False,5,0.0,0.0,0.0,1.0,0.0,0.0,2.0,0.0,0.0,0.0,0.0,0.0,1.0,0.0,0.0,0.0,0.0,0.0,0.0,0.0,0.0,1.0,0.0,0.0,True,11.400000000000006,4.5,10.1,75.5,156902.0,18385.0
NJ1429001,PARSIPPANY-TROY HILLS WATER DEPARTMENT,50400.0,0.0109,0.0009456896551724138,100.0,PARSIPPANY-TROY HILLS WATER DEPARTMENT,True,False,27,1.0,0.0,0.0,2.0,2.0,0.0,6.0,0.0,0.0,0.0,0.0,1.0,1.0,4.0,0.0,0.0,0.0,1.0,0.0,0.0,2.0,3.0,0.0,4.0,True,39.9,4.066666666666666,9.4,50.26666666666667,120879.66666666667,20716.333333333332
NJ1326004,VEOLIA WATER NEW JERSEY MATCHAPONIX,0.0,,,,,,,0,,,,,,,,,,,,,,,,,,,,,,,,,False,,,,,,
NJ1422001,SISTERS OF CHARITY OF SE,1100.0,,,,,,,0,,,,,,,,,,,,,,,,,,,,,,,,,False,,,,,,
NJ1326007,MANALAPAN TWP WD TRACY STATION,800.0,,,,,,,0,,,,,,,,,,,,,,,,,,,,,,,,,False,,,,,,
NJ1413001,LAKESHORE COMPANY,270.0,,,,,,,0,,,,,,,,,,,,,,,,,,,,,,,,,False,,,,,,
NJ2021001,WINFIELD MUTUAL HOUSING,1600.0,,,,,,,0,,,,,,,,,,,,,,,,,,,,,,,,,False,,,,,,
NJ1330004,ABERDEEN - FRENEAU,286.0,,,,,,,0,,,,,,,,,,,,,,,,,,,,,,,,,False,,,,,,
NJ1330003,ABERDEEN- HIGH SCHOOL/OAKSHADE AREA,1992.0,,,,,,,1,0.0,0.0,0.0,0.0,0.0,0.0,0.0,0.0,0.0,0.0,0.0,0.0,0.0,0.0,0.0,0.0,0.0,1.0,0.0,0.0,0.0,0.0,0.0,0.0,True,,,,,,
NJ1312001,ENGLISHTOWN WATER DEPT,2504.0,0.0064,0.0003025,7.0,ENGLISHTOWN WATER DEPT,True,False,2,0.0,0.0,0.0,0.0,0.0,0.0,0.0,0.0,0.0,0.0,0.0,0.0,0.0,0.0,0.0,0.0,0.0,2.0,0.0,0.0,0.0,0.0,0.0,0.0,True,14.099999999999994,3.8,10.0,76.3,149197.0,44764.0
NJ1206001,HELMETTA WATER DEPT,2000.0,,,,,,,0,,,,,,,,,,,,,,,,,,,,,,,,,False,,,,,,
NJ1350001,NJ AMERICAN WATER - UNION BEACH,6000.0,0.0119,0.0007650000000000001,11.0,NJ AMERICAN WATER - UNION BEACH,True,False,4,1.0,0.0,0.0,2.0,0.0,0.0,0.0,0.0,0.0,0.0,0.0,0.0,0.0,0.0,0.0,0.0,0.0,1.0,0.0,0.0,0.0,0.0,0.0,0.0,True,16.099999999999994,8.9,19.2,64.9,97536.0,19159.0
NJ1321001,KEANSBURG WATER & SEWER DEPT.,10105.0,0.0083,0.00036250000000000003,9.0,KEANSBURG WATER & SEWER DEPT.,True,False,1,0.0,0.0,0.0,0.0,0.0,0.0,0.0,0.0,0.0,0.0,0.0,0.0,0.0,0.0,0.0,0.0,0.0,0.0,0.0,0.0,0.0,0.0,0.0,1.0,True,22.700000000000003,8.9,24.5,63.5,82029.0,12925.0
NJ1322001,KEYPORT WATER DEPT,7500.0,0.0073,0.00031600000000000004,6.0,KEYPORT WATER DEPT,True,False,4,0.0,0.0,0.0,1.0,0.0,0.0,0.0,0.0,0.0,0.0,0.0,0.0,1.0,0.0,0.0,0.0,0.0,1.0,0.0,0.0,0.0,0.0,0.0,1.0,True,16.099999999999994,8.9,19.2,64.9,97536.0,19159.0
NJ1916001,OGDENSBURG W DEPT,2800.0,,,,,,,1,0.0,0.0,0.0,1.0,0.0,0.0,0.0,0.0,0.0,0.0,0.0,0.0,0.0,0.0,0.0,0.0,0.0,0.0,0.0,0.0,0.0,0.0,0.0,0.0,True,,,,,,
NJ1921001,SUSSEX W DEPT,2201.0,,,,,,,1,0.0,0.0,0.0,0.0,0.0,0.0,0.0,0.0,0.0,0.0,0.0,0.0,0.0,1.0,0.0,0.0,0.0,0.0,0.0,0.0,0.0,0.0,0.0,0.0,True,,,,,,
NJ1906002,FRANKLIN BOARD OF PUBLIC,5500.0,0.0,0.0,0.0,FRANKLIN BOARD OF PUBLIC,False,False,1,0.0,0.0,0.0,0.0,0.0,0.0,0.0,0.0,0.0,0.0,0.0,0.0,0.0,0.0,0.0,0.0,0.0,0.0,0.0,0.0,1.0,0.0,0.0,0.0,True,10.5,3.7,18.2,72.7,93983.0,5851.0
NJ1909001,HAMBURG BOARD OF PUBLIC,3382.0,0.0079,0.0006312500000000001,8.0,HAMBURG BOARD OF PUBLIC,True,False,0,,,,,,,,,,,,,,,,,,,,,,,,,False,12.700000000000005,5.4,20.1,71.3,100713.0,9693.0
NJ1914002,MONTAGUE WATER CO.,1983.0,,,,,,,0,,,,,,,,,,,,,,,,,,,,,,,,,False,,,,,,
NJ1903001,BRANCHVILLE W DEPT,1500.0,,,,,,,0,,,,,,,,,,,,,,,,,,,,,,,,,False,,,,,,
NJ1924002,SIMMONS W CO,180.0,,,,,,,0,,,,,,,,,,,,,,,,,,,,,,,,,False,,,,,,
NJ1911005,HARDYSTON TWP MUA,769.0,,,,,,,0,,,,,,,,,,,,,,,,,,,,,,,,,False,,,,,,
NJ1910003,VEOLIA WATER NEW JERSEY HAMPTON,814.0,,,,,,,0,,,,,,,,,,,,,,,,,,,,,,,,,False,,,,,,
NJ1924004,VEOLIA WATER NEW JERSEYWOODRIDGE ESTATES,80.0,,,,,,,0,,,,,,,,,,,,,,,,,,,,,,,,,False,,,,,,
NJ1906001,HILLSIDE ESTATES AT FRANKLIN,300.0,,,,,,,0,,,,,,,,,,,,,,,,,,,,,,,,,False,,,,,,
NJ1910002,CARRIAGE MOBILE HOMES INC,300.0,,,,,,,0,,,,,,,,,,,,,,,,,,,,,,,,,False,,,,,,
NJ1905002,CULVER LAKE WATER COMPANY,40.0,,,,,,,0,,,,,,,,,,,,,,,,,,,,,,,,,False,,,,,,
NJ1924006,TOWN CENTER AT WANTAGE,122.0,,,,,,,0,,,,,,,,,,,,,,,,,,,,,,,,,False,,,,,,
NJ1924003,REGENCY APARTMENTS LLC,300.0,,,,,,,0,,,,,,,,,,,,,,,,,,,,,,,,,False,,,,,,
NJ1905004,SUSSEX CNTY HLTH-THE HOMESTED,100.0,,,,,,,0,,,,,,,,,,,,,,,,,,,,,,,,,False,,,,,,
NJ0702001,BLOOMFIELD WATER DEPARTMENT,47315.0,0.0,0.0,0.0,BLOOMFIELD WATER DEPARTMENT,False,False,13,1.0,0.0,0.0,4.0,1.0,0.0,2.0,0.0,0.0,0.0,0.0,0.0,1.0,2.0,0.0,0.0,0.0,0.0,0.0,0.0,1.0,1.0,0.0,0.0,True,27.9,13.0,20.799999999999997,55.75,175512.0,30896.5
NJ0716001,NUTLEY WATER DEPT,29500.0,,,,,,,10,0.0,0.0,0.0,1.0,0.0,0.0,5.0,0.0,0.0,0.0,0.0,0.0,1.0,0.0,0.0,0.0,0.0,1.0,1.0,1.0,0.0,0.0,0.0,0.0,True,41.88,18.740000000000002,31.52,40.14,99487.2,28208.6
NJ0701001,BELLEVILLE WATER DEPT,35129.0,0.0,0.0,0.0,BELLEVILLE WATER DEPT,False,False,18,0.0,0.0,0.0,4.0,0.0,0.0,2.0,0.0,0.0,1.0,1.0,0.0,4.0,3.0,0.0,0.0,0.0,1.0,0.0,0.0,1.0,0.0,0.0,1.0,True,45.7,10.2,51.9,29.2,90438.0,37984.0
NJ0239001,PVWC-NORTH ARLINGTON,15392.0,0.0114,0.0012975,17.0,PVWC-NORTH ARLINGTON,True,False,12,0.0,0.0,0.0,1.0,0.0,0.0,0.0,0.0,0.0,0.0,0.0,0.0,1.0,1.0,0.0,0.0,0.0,0.0,0.0,1.0,0.0,0.0,0.0,8.0,True,25.299999999999997,6.5,30.3,52.7,94201.0,16461.0
NJ0902001,EAST NEWARK W DEPT,2406.0,,,,,,,3,0.0,0.0,0.0,1.0,0.0,0.0,0.0,0.0,0.0,0.0,0.0,0.0,0.0,0.0,0.0,0.0,0.0,0.0,0.0,0.0,0.0,0.0,2.0,0.0,True,,,,,,
NJ1614001,TOWNSHIP OF WAYNE,55000.0,0.0049,0.0001225,2.0,TOWNSHIP OF WAYNE,True,False,23,1.0,0.0,0.0,4.0,3.0,0.0,3.0,0.0,0.0,0.0,0.0,0.0,2.0,2.0,0.0,0.0,0.0,0.0,0.0,1.0,3.0,2.0,0.0,2.0,True,16.299999999999997,3.5,13.5,71.4,153056.0,54112.0
NJ1435003,AWO&M - PICATINNY ARSENAL,6011.0,0.005,0.000125,1.0,AWO&M - PICATINNY ARSENAL,True,False,3,1.0,0.0,0.0,0.0,0.0,0.0,0.0,0.0,0.0,0.0,0.0,0.0,0.0,0.0,0.0,2.0,0.0,0.0,0.0,0.0,0.0,0.0,0.0,0.0,True,,,,,,
NJ0217001,FAIR LAWN WATER DEPT,34947.0,0.013,0.0011394999999999999,35.0,FAIR LAWN WATER DEPT,True,False,17,0.0,0.0,0.0,7.0,0.0,0.0,2.0,0.0,0.0,0.0,0.0,0.0,0.0,1.0,0.0,0.0,0.0,2.0,0.0,1.0,0.0,1.0,3.0,0.0,True,23.90000000000001,6.7,13.7,64.9,144574.0,35610.0
NJ1416001,LINCOLN PARK WATER DEPT,11000.0,0.0054,0.00028250000000000004,5.0,LINCOLN PARK WATER DEPT,True,False,8,0.0,0.0,0.0,1.0,0.0,0.0,0.0,0.0,0.0,0.0,1.0,0.0,0.0,0.0,0.0,0.0,0.0,1.0,0.0,0.0,2.0,1.0,0.0,2.0,True,13.400000000000006,6.3,16.4,71.8,123234.0,11120.0
NJ1604001,HAWTHORNE WATER DEPARTMENT,19458.0,0.0093,0.00030812499999999997,7.0,HAWTHORNE WATER DEPARTMENT,True,False,18,0.0,0.0,0.0,4.0,0.0,0.0,1.0,0.0,0.0,0.0,0.0,0.0,5.0,0.0,0.0,0.0,0.0,3.0,0.0,0.0,2.0,1.0,2.0,0.0,True,12.799999999999995,3.5,26.1,65.4,110237.0,19628.0
NJ0706001,ESSEX FELLS WATER DEPT,2200.0,,,,,,,0,,,,,,,,,,,,,,,,,,,,,,,,,False,,,,,,
NJ1212001,MILLTOWN W DEPT,7000.0,0.0129,0.00097375,13.0,MILLTOWN W DEPT,True,False,3,0.0,0.0,0.0,0.0,0.0,0.0,0.0,0.0,0.0,0.0,0.0,0.0,0.0,0.0,0.0,0.0,0.0,0.0,1.0,0.0,1.0,0.0,1.0,0.0,True,14.900000000000006,3.2,12.8,74.4,141601.0,8538.0
NJ1207001,HIGHLAND PARK W DEPT,14000.0,0.0054,6.75e-05,1.0,HIGHLAND PARK W DEPT,True,False,0,,,,,,,,,,,,,,,,,,,,,,,,,False,35.8,4.6,15.8,55.1,104694.0,15121.0
NJ1330002,ABERDEEN - CLIFFWOOD/CLIFFWOOD BEACH,6775.0,0.0,0.0,0.0,ABERDEEN - CLIFFWOOD/CLIFFWOOD BEACH,False,False,1,0.0,0.0,0.0,0.0,0.0,0.0,0.0,0.0,0.0,0.0,0.0,0.0,1.0,0.0,0.0,0.0,0.0,0.0,0.0,0.0,0.0,0.0,0.0,0.0,True,19.700000000000003,11.8,12.4,66.0,124383.0,32330.0
NJ0717001,ORANGE WATER DEPT,30134.0,0.013,0.0005933333333333333,12.0,"ORANGE WATER DEPT, NJ",True,False,5,0.0,0.0,0.0,1.0,0.0,0.0,2.0,0.0,0.0,0.0,0.0,0.0,0.0,1.0,0.0,0.0,0.0,0.0,0.0,0.0,1.0,0.0,0.0,0.0,True,83.5,60.5,34.9,5.0,52563.0,34181.0
NJ1404001,CHATHAM WATER DEPT,8962.0,0.0,0.0,0.0,CHATHAM WATER DEPT,False,False,2,0.0,0.0,0.0,1.0,0.0,0.0,0.0,0.0,0.0,0.0,0.0,0.0,0.0,0.0,0.0,0.0,0.0,0.0,0.0,0.0,1.0,0.0,0.0,0.0,True,16.700000000000003,1.0,5.0,76.0,220982.0,19974.0
NJ1224001,SPOTSWOOD W DEPT,8300.0,0.0091,0.00071375,13.0,SPOTSWOOD W DEPT,True,False,2,0.0,0.0,0.0,0.0,0.0,0.0,0.0,0.0,0.0,0.0,0.0,0.0,0.0,0.0,0.0,0.0,0.0,0.0,2.0,0.0,0.0,0.0,0.0,0.0,True,13.799999999999995,3.3,15.0,74.3,104702.0,8187.0
NJ1329001,MATAWAN BOROUGH WATER DE,9084.0,0.065,0.0009658333333333334,12.0,MATAWAN BOROUGH WATER DE,True,False,1,0.0,0.0,0.0,0.0,0.0,0.0,0.0,0.0,0.0,0.0,0.0,0.0,0.0,0.0,0.0,0.0,0.0,0.0,0.0,0.0,0.0,0.0,0.0,1.0,True,19.700000000000003,11.8,12.4,66.0,124383.0,32330.0
NJ0719001,SOUTH ORANGE WATER DEPARTMENT,16964.0,0.0068,0.00046375,8.0,SOUTH ORANGE WATER DEPARTMENT,True,False,0,,,,,,,,,,,,,,,,,,,,,,,,,False,27.200000000000003,22.0,9.6,60.8,195417.0,18539.0
NJ1223001,SOUTH RIVER W DEPT,16000.0,0.0084,0.00036,8.0,SOUTH RIVER W DEPT,True,False,1,0.0,0.0,0.0,0.0,0.0,0.0,0.0,0.0,0.0,0.0,0.0,0.0,0.0,0.0,0.0,0.0,0.0,0.0,0.0,0.0,1.0,0.0,0.0,0.0,True,36.0,15.7,24.5,52.8,96147.0,16124.0
NJ0718001,ROSELAND WATER DEPT,5300.0,0.0079,0.0004316666666666667,4.0,ROSELAND WATER DEPT,True,False,4,0.0,0.0,0.0,1.0,0.0,0.0,1.0,0.0,0.0,0.0,0.0,0.0,0.0,0.0,0.0,0.0,0.0,1.0,0.0,0.0,1.0,0.0,0.0,0.0,True,15.200000000000005,0.4,6.2,71.1,164458.0,6268.0
NJ0705001,EAST ORANGE WATER COMMISSION,75000.0,0.013,0.00062,3.0,EAST ORANGE WATER COMMISSION,True,False,7,3.0,0.0,0.0,1.0,0.0,0.0,1.0,0.0,0.0,0.0,0.0,0.0,0.0,1.0,0.0,0.0,0.0,0.0,0.0,0.0,0.0,0.0,0.0,1.0,True,69.6,45.35,6.8,25.75,62564.0,21768.5
NJ2013001,RAHWAY WATER DEPARTMENT,27300.0,0.0069,0.00027875,4.0,SUEZ WATER NEW JERSEY RAHWAY,True,False,17,0.0,0.0,0.0,1.0,0.0,0.0,0.0,0.0,0.0,0.0,1.0,0.0,1.0,2.0,0.0,0.0,0.0,0.0,0.0,2.0,0.0,1.0,3.0,6.0,True,52.2,36.4,27.4,29.3,91461.0,30109.0
NJ1417001,MADISON WATER DEPT,15820.0,0.0096,0.000459375,14.0,MADISON WATER DEPT,True,False,0,,,,,,,,,,,,,,,,,,,,,,,,,False,12.400000000000006,4.7,13.5,72.4,172708.0,17610.0
NJ1411001,FLORHAM PARK WATER DEPT,8846.0,0.0125,0.0005135714285714287,7.0,FLORHAM PARK WATER DEPT,True,False,5,1.0,0.0,0.0,0.0,0.0,0.0,2.0,0.0,0.0,0.0,0.0,0.0,1.0,0.0,0.0,0.0,0.0,0.0,0.0,0.0,0.0,0.0,0.0,1.0,True,20.049999999999997,6.550000000000001,8.4,69.35,153020.5,11564.5
NJ1216001,PERTH AMBOY WATER DEPARTMENT,52328.0,0.019,0.002175,23.0,PERTH AMBOY WATER DEPARTMENT,True,False,22,0.0,0.0,0.0,5.0,1.0,0.0,0.0,0.0,0.0,0.0,0.0,0.0,3.0,2.0,0.0,1.0,0.0,2.0,0.0,5.0,1.0,1.0,0.0,1.0,True,51.1,17.200000000000003,53.15,27.6,86719.5,31299.5
NJ1214001,NEW BRUNSWICK W DEPT,55000.0,0.0077,0.00081875,14.0,NEW BRUNSWICK W DEPT,True,False,34,4.0,0.0,0.0,8.0,1.0,1.0,4.0,0.0,0.0,0.0,0.0,0.0,4.0,0.0,0.0,0.0,0.0,3.0,0.0,2.0,5.0,0.0,2.0,0.0,True,62.4,15.2,53.9,23.6,65810.0,57263.0
NJ1410001,EAST HANOVER TWP WATER DEPT,11393.0,0.0114,0.0012312500000000001,31.0,EAST HANOVER TWP WATER DEPT,True,False,17,0.0,0.0,0.0,3.0,1.0,0.0,4.0,0.0,0.0,0.0,0.0,0.0,0.0,0.0,0.0,2.0,0.0,1.0,0.0,2.0,2.0,1.0,0.0,1.0,True,17.099999999999994,4.8,10.4,71.0,149583.0,11152.0
NJ2004001,NJ AMERICAN WATER - LIBERTY,134000.0,0.0045,0.00019875,4.0,NJ AMERICAN WATER - LIBERTY,True,False,54,1.0,0.0,1.0,10.0,3.0,0.0,2.0,0.0,0.0,0.0,1.0,0.0,6.0,1.0,0.0,1.0,0.0,4.0,2.0,6.0,4.0,0.0,3.0,9.0,True,61.05,20.9,67.075,11.95,66315.25,34325.5
NJ1205001,EDISON WATER CO,35000.0,0.0054,0.00022437500000000002,8.0,EDISON WATER CO,True,False,34,0.0,0.0,0.0,7.0,2.0,1.0,1.0,0.0,0.0,0.0,0.0,1.0,1.0,0.0,0.0,3.0,0.0,4.0,0.0,3.0,6.0,2.0,1.0,2.0,True,61.5,12.7,15.0,28.9,110808.0,49020.0
NJ1215001,NORTH BRUNSWICK W DEPT,43905.0,0.0,0.0,0.0,NORTH BRUNSWICK W DEPT,False,False,11,0.0,0.0,0.0,0.0,2.0,0.0,0.0,0.0,0.0,0.0,0.0,0.0,0.0,0.0,0.0,0.0,0.0,3.0,1.0,0.0,2.0,2.0,0.0,1.0,True,64.2,23.9,29.0,25.7,121071.0,43932.0
NJ0710001,LIVINGSTON TWP DIV OF WATER,27391.0,0.044,0.0017900000000000001,100.0,LIVINGSTON TWP DIV OF WATER,True,False,5,1.0,0.0,0.0,0.0,0.0,0.0,2.0,0.0,0.0,0.0,0.0,0.0,1.0,0.0,1.0,0.0,0.0,0.0,0.0,0.0,0.0,0.0,0.0,0.0,True,40.3,5.1,5.1,53.4,229806.0,31488.0
NJ1339001,NJ AMERICAN WATER - SHORELANDS,36164.0,0.0065,0.0003075,11.0,NJ AMERICAN WATER - SHORELANDS,True,False,3,2.0,0.0,0.0,0.0,0.0,0.0,0.0,0.0,0.0,0.0,0.0,0.0,0.0,0.0,0.0,0.0,0.0,0.0,1.0,0.0,0.0,0.0,0.0,0.0,True,13.700000000000005,2.15,9.95,75.19999999999999,146093.5,17350.0
NJ1219001,SAYREVILLE W DEPT,45345.0,0.0093,0.00042249999999999997,6.0,SAYREVILLE W DEPT,True,False,40,0.0,0.0,0.0,12.0,1.0,0.0,0.0,0.0,4.0,0.0,0.0,0.0,0.0,2.0,0.0,0.0,0.0,6.0,0.0,1.0,10.0,0.0,0.0,4.0,True,34.475,15.875,19.675,51.150000000000006,99867.25,27524.75
NJ1328002,MARLBORO TOWNSHIP WATER UTILITY DIVISION,29480.0,0.0065,0.00010687500000000001,4.0,MARLBORO TOWNSHIP WATER UTILITY DIVISION,True,False,3,0.0,0.0,0.0,0.0,0.0,0.0,0.0,0.0,0.0,0.0,0.0,0.0,0.0,0.0,0.0,0.0,0.0,0.0,0.0,2.0,0.0,0.0,0.0,1.0,True,23.566666666666666,2.9,6.766666666666667,68.76666666666667,179363.66666666666,28116.333333333332
NJ1204001,EAST BRUNSWICK WATER UTILITY,48474.0,0.006,7.500000000000001e-05,1.0,EAST BRUNSWICK WATER UTILITY,True,False,13,1.0,0.0,0.0,3.0,1.0,0.0,0.0,0.0,0.0,0.0,0.0,0.0,0.0,2.0,0.0,1.0,0.0,0.0,0.0,0.0,1.0,1.0,0.0,3.0,True,43.9,8.1,13.2,47.2,143586.0,49360.0
NJ1209002,OLD BRIDGE MUA,68000.0,0.0083,0.00019541666666666666,10.0,OLD BRIDGE MUA,True,False,15,0.0,0.0,0.0,7.0,2.0,0.0,1.0,0.0,2.0,0.0,0.0,0.0,0.0,0.0,0.0,1.0,0.0,0.0,0.0,0.0,0.0,0.0,0.0,2.0,True,30.328571428571426,13.357142857142858,17.157142857142855,55.24285714285715,108000.14285714286,28759.85714285714
NJ1213002,MONROE TWP UTILITY DEPARTMENT,36000.0,0.0136,0.0009085,25.0,MONROE TWP UTILITY DEPARTMENT,True,False,6,0.0,0.0,0.0,0.0,0.0,0.0,0.0,0.0,0.0,0.0,0.0,0.0,1.0,0.0,0.0,0.0,0.0,1.0,0.0,0.0,2.0,0.0,0.0,2.0,True,31.799999999999997,2.8,10.4,59.7,109042.0,55658.0
NJ2004002,NJ AMERICAN WATER - RARITAN,615430.0,0.0075,0.00025416666666666665,19.0,NJ AMERICAN WATER - RARITAN,True,False,483,24.0,0.0,0.0,106.0,21.0,0.0,47.0,0.0,1.0,0.0,3.0,5.0,52.0,25.0,1.0,3.0,0.0,33.0,7.0,28.0,67.0,15.0,7.0,38.0,True,34.30888888888889,11.397777777777778,18.555555555555557,53.30444444444444,146153.2380952381,18958.6
NJ1305001,AVON BY THE SEA WATER DE,5000.0,0.0067,0.0003575,10.0,AVON BY THE SEA WATER DE,True,False,1,0.0,0.0,0.0,0.0,0.0,0.0,0.0,0.0,0.0,0.0,0.0,0.0,0.0,0.0,0.0,0.0,0.0,0.0,0.0,1.0,0.0,0.0,0.0,0.0,True,0.9000000000000057,0.0,2.1,95.4,122635.0,2030.0
NJ1319003,ANGLE INN MOTOR COURT,354.0,,,,,,,0,,,,,,,,,,,,,,,,,,,,,,,,,False,,,,,,
NJ1309415,BRANDYWINE ASSISTED LIVING AT COLTS NECK,85.0,,,,,,,0,,,,,,,,,,,,,,,,,,,,,,,,,False,,,,,,
NJ1319010,GREEN ACRES NJ MHC LLC,260.0,,,,,,,0,,,,,,,,,,,,,,,,,,,,,,,,,False,,,,,,
NJ1309002,VEOLIA WATER NEW JERSEY COLTS NECK,640.0,,,,,,,0,,,,,,,,,,,,,,,,,,,,,,,,,False,,,,,,
NJ1326005,MANALAPAN TWP- MILLHURST,2100.0,,,,,,,0,,,,,,,,,,,,,,,,,,,,,,,,,False,,,,,,
NJ1314001,FARMINGDALE WATER DEPT,1500.0,,,,,,,2,0.0,0.0,0.0,1.0,0.0,0.0,0.0,0.0,0.0,0.0,0.0,0.0,0.0,0.0,0.0,0.0,0.0,0.0,0.0,1.0,0.0,0.0,0.0,0.0,True,,,,,,
NJ1309001,US NAVAL WEAPONS STATION,1200.0,,,,,,,2,0.0,0.0,0.0,0.0,0.0,0.0,0.0,0.0,0.0,0.0,0.0,0.0,0.0,0.0,0.0,1.0,0.0,0.0,0.0,0.0,0.0,0.0,0.0,1.0,True,,,,,,
NJ1315001,FREEHOLD BOROUGH WATER D,11029.0,0.0,0.0,0.0,FREEHOLD BOROUGH WATER D,False,False,1,0.0,0.0,0.0,0.0,0.0,0.0,0.0,0.0,0.0,0.0,1.0,0.0,0.0,0.0,0.0,0.0,0.0,0.0,0.0,0.0,0.0,0.0,0.0,0.0,True,18.5,6.1,19.3,67.9,114072.0,55984.0
NJ1326002,MANALAPAN TWP - KNOB HILL,8700.0,0.0085,0.00045,9.0,SUEZ WATER MANALAPAN KNOB HILL,True,False,1,0.0,0.0,0.0,0.0,0.0,0.0,0.0,0.0,0.0,0.0,0.0,0.0,0.0,1.0,0.0,0.0,0.0,0.0,0.0,0.0,0.0,0.0,0.0,0.0,True,14.099999999999994,3.8,10.0,76.3,149197.0,44764.0
NJ1316001,FREEHOLD TWP WATER DEPT,29831.0,0.0089,0.000287,10.0,FREEHOLD TWP WATER DEPT,True,False,14,3.0,0.0,0.0,2.0,0.0,0.0,1.0,0.0,0.0,0.0,0.0,0.0,0.0,0.0,0.0,0.0,0.0,1.0,1.0,0.0,2.0,0.0,1.0,3.0,True,18.5,6.1,19.3,67.9,114072.0,55984.0
NJ1515001,LAVALLETTE WATER DEPT,25000.0,0.0,0.0,0.0,LAVALLETTE WATER DEPT,False,False,0,,,,,,,,,,,,,,,,,,,,,,,,,False,0.5,3.5,6.8,88.7,76974.0,3451.0
NJ1344001,SEA GIRT WATER DEPT,2636.0,,,,,,,1,0.0,0.0,0.0,0.0,0.0,0.0,0.0,0.0,0.0,0.0,0.0,0.0,0.0,0.0,0.0,1.0,0.0,0.0,0.0,0.0,0.0,0.0,0.0,0.0,True,,,,,,
NJ1525001,POINT PLEASANT BEACH WATER DEPARTMENT,12000.0,0.0073,0.00016774193548387096,2.0,POINT PLEASANT BEACH WATER DEPARTMENT,True,False,0,,,,,,,,,,,,,,,,,,,,,,,,,False,5.700000000000003,0.9,8.4,87.2,123152.0,25732.0
NJ1327001,MANASQUAN WATER DEPARTME,14000.0,0.0,0.0,0.0,MANASQUAN WATER DEPARTME,False,False,0,,,,,,,,,,,,,,,,,,,,,,,,,False,3.799999999999997,1.7,5.1,90.6,174097.0,13223.0
NJ1308001,BRIELLE WATER DEPT,4800.0,0.0045,5.625e-05,2.0,BRIELLE WATER DEPT,True,False,0,,,,,,,,,,,,,,,,,,,,,,,,,False,5.400000000000006,2.6,4.3,90.0,172250.0,4956.0
NJ1524001,POINT PLEASANT WATER DEPARTMENT,19600.0,0.0052,0.00014821428571428573,10.0,POINT PLEASANT WATER DEPARTMENT,True,False,0,,,,,,,,,,,,,,,,,,,,,,,,,False,5.700000000000003,0.9,8.4,87.2,123152.0,25732.0
NJ1506001,BRICK TOWNSHIP MUA,86898.0,0.01,0.00020375,3.0,BRICK TOWNSHIP MUA,True,False,5,0.0,0.0,0.0,0.0,0.0,0.0,0.0,0.0,0.0,0.0,0.0,0.0,0.0,0.0,0.0,0.0,0.0,0.0,0.0,0.0,0.0,0.0,0.0,5.0,True,12.5,5.7,14.433333333333335,75.66666666666667,115275.33333333333,38269.333333333336
NJ1526001,SEASIDE HEIGHTS WATER DE,20000.0,0.0,0.0,0.0,SEASIDE HEIGHTS WATER DE,False,False,0,,,,,,,,,,,,,,,,,,,,,,,,,False,6.400000000000006,0.0,13.3,83.6,77448.0,4185.0
NJ1319008,WINDING BROOK MHP SYS 1,80.0,,,,,,,0,,,,,,,,,,,,,,,,,,,,,,,,,False,,,,,,
NJ1319009,WINDING BROOK MHP SYSTEM 2,184.0,,,,,,,0,,,,,,,,,,,,,,,,,,,,,,,,,False,,,,,,
NJ1511013,FOUNTAINHEAD PARKS INC,280.0,,,,,,,0,,,,,,,,,,,,,,,,,,,,,,,,,False,,,,,,
NJ1518003,CEDAR GLEN WEST WATER CO,1300.0,,,,,,,0,,,,,,,,,,,,,,,,,,,,,,,,,False,,,,,,
NJ0907001,KEARNY WATER DEPARTMENT,41664.0,0.0048,0.00014516129032258063,2.0,KEARNY WATER DEPARTMENT,True,False,55,3.0,0.0,0.0,18.0,7.0,0.0,3.0,0.0,0.0,0.0,1.0,0.0,3.0,0.0,0.0,0.0,0.0,2.0,0.0,2.0,9.0,0.0,1.0,6.0,True,38.2,8.3,51.7,30.7,79154.0,40614.0
NJ0713001,MONTCLAIR WATER BUREAU,37669.0,0.013,0.00045250000000000005,10.0,MONTCLAIR WATER BUREAU,True,False,3,0.0,0.0,0.0,0.0,0.0,0.0,0.0,0.0,0.0,1.0,0.0,0.0,2.0,0.0,0.0,0.0,0.0,0.0,0.0,0.0,0.0,0.0,0.0,0.0,True,25.6,20.45,9.45,61.449999999999996,122847.0,20291.0
NJ0904001,HARRISON W DEPT,14425.0,0.0088,0.00079875,10.0,HARRISON W DEPT,True,False,4,0.0,0.0,0.0,2.0,0.0,0.0,0.0,0.0,0.0,0.0,0.0,1.0,0.0,1.0,0.0,0.0,0.0,0.0,0.0,0.0,0.0,0.0,0.0,0.0,True,52.4,6.2,42.6,26.4,88333.0,22866.0
NJ0708001,GLEN RIDGE WATER DEPT,7681.0,0.0082,0.0006666666666666666,7.0,GLEN RIDGE WATER DEPT,True,False,1,0.0,0.0,0.0,0.0,1.0,0.0,0.0,0.0,0.0,0.0,0.0,0.0,0.0,0.0,0.0,0.0,0.0,0.0,0.0,0.0,0.0,0.0,0.0,0.0,True,12.299999999999995,5.9,10.7,74.1,247361.0,8022.0
NJ0258001,SADDLE RIVER WATER UTILITY,600.0,,,,,,,0,,,,,,,,,,,,,,,,,,,,,,,,,False,,,,,,
NJ0236001,VEOLIA WATER NEW JERSEY MONTVALE PD95,654.0,,,,,,,7,0.0,0.0,0.0,2.0,3.0,0.0,1.0,0.0,0.0,0.0,0.0,0.0,0.0,0.0,0.0,0.0,0.0,1.0,0.0,0.0,0.0,0.0,0.0,0.0,True,,,,,,
NJ0247001,PARK RIDGE WATER DEPT,16466.0,0.0172,0.0006188461538461539,51.0,PARK RIDGE WATER DEPT,True,False,0,,,,,,,,,,,,,,,,,,,,,,,,,False,14.999999999999998,2.2,11.9,75.25,192505.0,7779.0
NJ0715002,NORTH CALDWELL - HILLTOP,208.0,,,,,,,0,,,,,,,,,,,,,,,,,,,,,,,,,False,,,,,,
NJ1416004,LINCOLN PARK JACKSONVILLE SYST,300.0,,,,,,,0,,,,,,,,,,,,,,,,,,,,,,,,,False,,,,,,
NJ0706002,ESSEX FELLS WATER HILLTOP SYSTEM,354.0,,,,,,,0,,,,,,,,,,,,,,,,,,,,,,,,,False,,,,,,
NJ1616001,WOODLAND PARK  WATER DEPARTMENT,6000.0,0.0106,0.0009975,28.0,WOODLAND PARK  WATER DEPARTMENT,True,False,0,,,,,,,,,,,,,,,,,,,,,,,,,False,22.40000000000001,5.2,24.8,60.7,105050.0,28085.0
NJ1603001,MANCHESTER UTILITIES AUTHORITY,12000.0,0.011,0.0010937499999999999,14.0,MANCHESTER UTILITIES AUTHORITY,True,False,8,0.0,0.0,0.0,3.0,0.0,0.0,1.0,0.0,0.0,0.0,0.0,0.0,0.0,0.0,0.0,0.0,0.0,0.0,0.0,1.0,0.0,0.0,3.0,0.0,True,33.900000000000006,17.5,43.1,36.7,95806.0,23762.0
NJ0720001,VERONA WATER DEPARTMENT,13641.0,0.0423,0.00117125,9.0,VERONA WATER DEPARTMENT,True,False,0,,,,,,,,,,,,,,,,,,,,,,,,,False,18.433333333333334,9.633333333333333,11.366666666666667,69.93333333333332,148011.25,19828.5
NJ0715001,NORTH CALDWELL WATER DEP,6000.0,0.0089,0.00109625,15.0,NORTH CALDWELL WATER DEP,True,False,0,,,,,,,,,,,,,,,,,,,,,,,,,False,15.400000000000006,5.2,12.7,72.0,149102.0,26654.0
NJ0211001,ELMWOOD PARK WATER DEPT,20374.0,0.0093,0.0004325,6.0,ELMWOOD PARK WATER DEPT,True,False,18,1.0,0.0,0.0,8.0,0.0,0.0,0.0,0.0,0.0,0.0,0.0,0.0,1.0,3.0,0.0,0.0,0.0,1.0,2.0,0.0,2.0,0.0,0.0,0.0,True,38.4,13.2,29.5,48.6,101740.0,21412.0
NJ1605001,NJ AMERICAN WATER - LITTLE FALLS,11247.0,0.0045,0.00016062500000000001,6.0,NJ AMERICAN WATER - LITTLE FALLS,True,False,6,0.0,0.0,0.0,0.0,1.0,0.0,2.0,0.0,0.0,0.0,0.0,0.0,1.0,0.0,0.0,0.0,0.0,0.0,0.0,0.0,1.0,1.0,0.0,0.0,True,22.40000000000001,5.2,24.8,60.7,105050.0,28085.0
NJ0704001,CEDAR GROVE WATER DEPT,12900.0,0.0074,0.00017375,6.0,CEDAR GROVE WATER DEPT,True,False,10,0.0,0.0,0.0,0.0,0.0,0.0,1.0,0.0,0.0,0.0,0.0,0.0,3.0,2.0,0.0,0.0,0.0,0.0,1.0,0.0,1.0,0.0,1.0,1.0,True,14.900000000000006,4.9,7.9,76.1,151625.0,13535.0
NJ1612001,TOTOWA W DEPT,10804.0,0.0072,0.00037124999999999994,6.0,TOTOWA W DEPT,True,False,23,1.0,0.0,0.0,5.0,1.0,0.0,1.0,0.0,0.0,0.0,0.0,0.0,1.0,3.0,0.0,0.0,0.0,3.0,0.0,0.0,2.0,1.0,4.0,1.0,True,21.0,7.4,25.7,56.9,113563.0,10959.0
NJ1435002,ROCKAWAY TWP WATER DEPT,14000.0,0.012,0.0012908333333333335,25.0,ROCKAWAY TWP WATER DEPT,True,False,8,0.0,0.0,0.0,1.0,0.0,0.0,2.0,0.0,0.0,0.0,0.0,0.0,1.0,0.0,0.0,0.0,0.0,0.0,0.0,0.0,1.0,3.0,0.0,0.0,True,10.0,2.6,16.4,73.4,131403.0,22663.0
NJ1605002,PASSAIC VALLEY WATER COMMISSION,310483.0,0.0119,0.00197875,23.0,PASSAIC VALLEY WATER COMMISSION,True,False,200,4.0,0.0,0.0,44.0,18.0,0.0,21.0,0.0,0.0,0.0,1.0,0.0,19.0,11.0,0.0,1.0,0.0,8.0,7.0,6.0,16.0,13.0,22.0,9.0,True,45.84705882352941,17.352941176470587,52.62352941176471,25.50588235294118,77179.58823529411,22384.0
NJ0714001,NEWARK WATER DEPARTMENT,294274.0,0.0053,0.00012000000000000002,4.0,"NEWARK WATER DEPARTMENT, NJ",True,False,236,24.0,1.0,1.0,61.0,6.0,0.0,6.0,0.0,1.0,0.0,0.0,1.0,31.0,7.0,0.0,0.0,0.0,23.0,5.0,26.0,17.0,4.0,10.0,12.0,True,44.375,25.4375,28.7,37.962500000000006,96473.5,32781.5
NJ1431001,PEQUANNOCK TWP WATER DEPARTMENT,14010.0,0.0,0.0,0.0,PEQUANNOCK TWP WATER DEPARTMENT,False,False,1,1.0,0.0,0.0,0.0,0.0,0.0,0.0,0.0,0.0,0.0,0.0,0.0,0.0,0.0,0.0,0.0,0.0,0.0,0.0,0.0,0.0,0.0,0.0,0.0,True,6.950000000000003,2.825,12.025,79.85,122832.75,7718.25
NJ1421003,MONTVILLE TWP MUA,22000.0,0.0093,0.0005616666666666667,25.0,MONTVILLE TWP MUA,True,False,3,2.0,0.0,0.0,0.0,0.0,0.0,0.0,0.0,0.0,0.0,0.0,0.0,0.0,0.0,0.0,0.0,0.0,0.0,0.0,0.0,1.0,0.0,0.0,0.0,True,30.200000000000003,2.8,6.4,62.0,185078.0,10561.0
NJ0326003,HANOVER EAST APARTMENTS,96.0,,,,,,,0,,,,,,,,,,,,,,,,,,,,,,,,,False,,,,,,
NJ0326014,BLUEBERRY ESTATES,75.0,,,,,,,0,,,,,,,,,,,,,,,,,,,,,,,,,False,,,,,,
NJ1505003,SHORE WATER COMPANY,6600.0,0.0,0.0,0.0,SHORE WATER COMPANY,False,False,0,,,,,,,,,,,,,,,,,,,,,,,,,False,3.9000000000000057,2.2,2.5,92.6,78750.0,2338.0
NJ1527001,SEASIDE PARK WATER DEPT,15000.0,0.0,0.0,0.0,SEASIDE PARK WATER DEPT,False,False,0,,,,,,,,,,,,,,,,,,,,,,,,,False,3.9000000000000057,2.2,2.5,92.6,78750.0,2338.0
NJ1507005,VEOLIA WATER NEW JERSEY TOMS RIVER,123184.0,0.0098,0.00014857142857142857,6.0,SUEZ WATER TOMS RIVER,True,False,12,2.0,0.0,0.0,2.0,0.0,0.0,1.0,0.0,2.0,0.0,1.0,0.0,0.0,0.0,0.0,0.0,0.0,0.0,0.0,2.0,2.0,0.0,0.0,0.0,True,14.900000000000004,7.666666666666667,13.333333333333334,74.43333333333334,83706.0,43735.0
NJ1511001,JACKSON TWP MUA,37224.0,0.0,0.0,0.0,JACKSON TWP MUA,False,False,3,1.0,0.0,0.0,0.0,0.0,0.0,0.0,0.0,0.0,0.0,0.0,0.0,0.0,0.0,0.0,0.0,0.0,0.0,0.0,0.0,0.0,0.0,0.0,2.0,True,13.599999999999994,6.4,13.7,75.6,115487.0,58991.0
NJ1518005,MANCHESTER TWP WATER UTILITY - EASTERN,23100.0,0.0049,0.000169,4.0,MANCHESTER TWP WATER UTILITY - EASTERN,True,False,6,0.0,0.0,0.0,2.0,0.0,0.0,0.0,0.0,0.0,0.0,0.0,0.0,0.0,0.0,0.0,1.0,0.0,0.0,0.0,0.0,0.0,0.0,0.0,3.0,True,8.5,5.2,6.1,85.8,52178.0,34237.0
NJ1514002,LAKEWOOD TWP MUA,27614.0,0.0338,0.0008108333333333333,39.0,LAKEWOOD TWP MUA,True,False,26,1.0,0.0,0.0,5.0,2.0,0.0,2.0,0.0,0.0,0.0,0.0,0.0,1.0,3.0,0.0,0.0,0.0,3.0,1.0,0.0,6.0,0.0,1.0,1.0,True,10.099999999999994,2.8,10.9,83.7,64959.0,139149.0
NJ1352005,NJ WATER SUPPLY AUTHORITY MANASQUAN,30.0,,,,,,,0,,,,,,,,,,,,,,,,,,,,,,,,,False,,,,,,
NJ1352003,WALL TWP WATER DEPT,26000.0,0.0066,0.0003365384615384615,20.0,WALL TWP WATER DEPT,True,False,12,0.0,0.0,0.0,1.0,0.0,0.0,3.0,0.0,0.0,0.0,0.0,0.0,2.0,1.0,0.0,0.0,0.0,0.0,0.0,1.0,1.0,1.0,0.0,2.0,True,7.400000000000006,1.7,9.5,85.4,119828.0,22138.0
NJ1348001,SPRING LAKE WATER DEPARTMENT,11270.0,0.0,0.0,0.0,SPRING LAKE WATER DEPARTMENT,False,False,0,,,,,,,,,,,,,,,,,,,,,,,,,False,1.9000000000000057,1.2,5.1,91.5,116295.0,8262.0
NJ1349001,BOROUGH OF SPRINGLAKE HEIGHTS,5000.0,0.0068,0.000365,10.0,BOROUGH OF SPRINGLAKE HEIGHTS,True,False,0,,,,,,,,,,,,,,,,,,,,,,,,,False,1.9000000000000057,1.2,5.1,91.5,116295.0,8262.0
NJ1306001,BELMAR WATER DEPT,20000.0,0.0043,0.000253,7.0,BELMAR WATER DEPT,True,False,1,0.0,0.0,0.0,0.0,0.0,0.0,0.0,0.0,0.0,0.0,0.0,0.0,0.0,1.0,0.0,0.0,0.0,0.0,0.0,0.0,0.0,0.0,0.0,0.0,True,7.400000000000006,1.7,9.5,85.4,119828.0,22138.0
NJ1347001,LAKE COMO WATER DEPT,3000.0,,,,,,,0,,,,,,,,,,,,,,,,,,,,,,,,,False,,,,,,
NJ1101002,EAST WINDSOR MUA,25000.0,0.0,0.0,0.0,EAST WINDSOR MUA,False,False,1,0.0,0.0,0.0,0.0,0.0,0.0,1.0,0.0,0.0,0.0,0.0,0.0,0.0,0.0,0.0,0.0,0.0,0.0,0.0,0.0,0.0,0.0,0.0,0.0,True,48.300000000000004,8.466666666666667,14.766666666666666,39.300000000000004,153603.33333333334,21166.333333333332
NJ1104001,HIGHTSTOWN WATER DEPARTMENT,5400.0,0.0,0.0,0.0,HIGHTSTOWN WATER DEPARTMENT,False,False,1,1.0,0.0,0.0,0.0,0.0,0.0,0.0,0.0,0.0,0.0,0.0,0.0,0.0,0.0,0.0,0.0,0.0,0.0,0.0,0.0,0.0,0.0,0.0,0.0,True,37.6,9.2,23.8,44.7,118010.0,29504.0
NJ1341001,ROOSEVELT WATER DEPT,880.0,,,,,,,0,,,,,,,,,,,,,,,,,,,,,,,,,False,,,,,,
NJ1332314,MILLSTONE MANOR,137.0,,,,,,,0,,,,,,,,,,,,,,,,,,,,,,,,,False,,,,,,
NJ1345001,NJ AMERICAN WATER - COASTAL NORTH,335449.0,0.0092,0.0002578947368421053,42.0,NJ AMERICAN WATER - COASTAL NORTH,True,False,62,6.0,0.0,0.0,2.0,0.0,0.0,19.0,0.0,1.0,0.0,0.0,0.0,6.0,2.0,0.0,6.0,0.0,2.0,1.0,0.0,4.0,1.0,1.0,11.0,True,11.193939393939395,5.196969696969697,9.645454545454546,78.54848484848485,131202.29032258064,18409.030303030304
NJ0712001,NJ AMERICAN WATER - SHORT HILLS,217230.0,0.0275,0.000448,44.0,NJ AMERICAN WATER - SHORT HILLS,True,False,49,2.0,0.0,0.0,8.0,3.0,0.0,9.0,0.0,0.0,1.0,1.0,0.0,6.0,3.0,0.0,2.0,0.0,2.0,0.0,1.0,5.0,3.0,0.0,3.0,True,26.5,11.902857142857144,12.134285714285713,63.142857142857146,173756.76666666666,16665.4
NJ1225001,MIDDLESEX WATER COMPANY,233376.0,0.0073,0.0002515,11.0,MIDDLESEX WATER COMPANY,True,False,95,3.0,0.0,0.0,33.0,6.0,1.0,7.0,0.0,0.0,0.0,0.0,2.0,5.0,0.0,0.0,1.0,0.0,4.0,1.0,13.0,9.0,2.0,1.0,7.0,True,42.85,12.366666666666667,19.033333333333335,44.11666666666667,120516.5,25590.166666666668
NJ1808001,FRANKLIN TOWNSHIP DEPT OF PUBLIC WORKS,57150.0,0.009,0.0005233333333333333,26.0,FRANKLIN TOWNSHIP DEPT OF PUBLIC WORKS,True,False,27,2.0,0.0,0.0,7.0,0.0,0.0,4.0,0.0,0.0,0.0,0.0,0.0,4.0,5.0,0.0,1.0,0.0,0.0,0.0,0.0,3.0,1.0,0.0,0.0,True,62.5,30.9,20.1,27.3,124972.0,56327.0
NJ1424001,SOUTHEAST MORRIS COUNTY MUA,62349.0,0.0157,0.0007134090909090909,48.0,SOUTHEAST MORRIS COUNTY MUA,True,False,57,15.0,0.0,0.0,6.0,2.0,0.0,11.0,0.0,0.0,0.0,0.0,0.0,3.0,3.0,0.0,1.0,0.0,1.0,4.0,2.0,5.0,0.0,0.0,4.0,True,20.925,2.6,13.2,65.2,158597.25,20566.25
NJ1221004,SOUTH BRUNSWICK TWP W DI,45450.0,0.023,0.0011576923076923077,26.0,SOUTH BRUNSWICK TWP W DI,True,False,39,3.0,0.0,0.0,7.0,3.0,0.0,2.0,0.0,0.0,0.0,0.0,0.0,3.0,6.0,0.0,0.0,0.0,2.0,2.0,0.0,7.0,1.0,1.0,2.0,True,60.633333333333326,7.466666666666666,7.3999999999999995,33.233333333333334,153295.66666666666,13126.666666666666
NJ1326001,GORDONS CORNER WATER CO,46196.0,0.0114,0.0003516666666666667,15.0,GORDONS CORNER WATER CO,True,False,6,0.0,0.0,0.0,0.0,0.0,0.0,2.0,0.0,0.0,0.0,0.0,0.0,2.0,0.0,0.0,0.0,0.0,0.0,0.0,1.0,1.0,0.0,0.0,0.0,True,18.4,3.0999999999999996,7.0,74.1,178443.0,31620.0
NJ0201001,VEOLIA WATER NJ ALLENDALE WATER SYSTEM,6702.0,0.0178,0.001224,37.0,ALLENDALE WATER DEPT,True,False,2,0.0,0.0,0.0,1.0,0.0,0.0,0.0,0.0,0.0,0.0,0.0,0.0,0.0,1.0,0.0,0.0,0.0,0.0,0.0,0.0,0.0,0.0,0.0,0.0,True,18.90000000000001,1.0,3.1,73.1,160162.0,6865.0
NJ0248001,RAMSEY WATER DEPT,15207.0,0.0136,0.0009246428571428572,41.0,RAMSEY WATER DEPT,True,False,0,,,,,,,,,,,,,,,,,,,,,,,,,False,17.475,2.55,7.6,72.55,174126.75,14747.25
NJ0233001,MAHWAH WATER DEPARTMENT,26777.0,0.0125,0.0009722727272727273,39.0,MAHWAH WATER DEPARTMENT,True,False,9,1.0,0.0,0.0,1.0,2.0,0.0,0.0,0.0,3.0,0.0,0.0,0.0,0.0,1.0,0.0,0.0,0.0,1.0,0.0,0.0,0.0,0.0,0.0,0.0,True,17.299999999999997,2.8,7.6,73.8,131327.0,25491.0
NJ0264001,WALDWICK WATER DEPT,10208.0,0.0243,0.003317,34.0,WALDWICK WATER DEPT,True,False,6,0.0,0.0,0.0,0.0,2.0,0.0,0.0,0.0,0.0,0.0,0.0,0.0,0.0,0.0,0.0,0.0,0.0,1.0,0.0,0.0,0.0,2.0,0.0,1.0,True,9.400000000000006,2.1,16.5,74.7,177962.0,10164.0
NJ0228001,HO HO KUS WATER DEPT,4060.0,0.0304,0.00409375,68.0,HO HO KUS WATER DEPT,True,True,1,0.0,0.0,0.0,0.0,0.0,0.0,0.0,0.0,0.0,0.0,0.0,0.0,0.0,0.0,0.0,0.0,0.0,0.0,0.0,0.0,0.0,0.0,0.0,1.0,True,16.5,1.7,5.95,74.15,244022.0,8049.0
NJ1414006,LOZIERS TRAILER PARK,50.0,,,,,,,0,,,,,,,,,,,,,,,,,,,,,,,,,False,,,,,,
NJ1615009,REFLECTION LAKES GARDEN APARTMENTS,40.0,,,,,,,0,,,,,,,,,,,,,,,,,,,,,,,,,False,,,,,,
NJ1615340,COMPLETE CARE AT MILFORD MANOR LLC,165.0,,,,,,,0,,,,,,,,,,,,,,,,,,,,,,,,,False,,,,,,
NJ1922015,VEOLIA WATER NEW JERSEY WALNUT HILLS,53.0,,,,,,,0,,,,,,,,,,,,,,,,,,,,,,,,,False,,,,,,
NJ1922012,VEOLIA WATER NEW JERSEY LAKE CONWAY,80.0,,,,,,,0,,,,,,,,,,,,,,,,,,,,,,,,,False,,,,,,
NJ1615022,WOODLAND HEIGHTS HOMEOWNERS ASSOCIATION,55.0,,,,,,,0,,,,,,,,,,,,,,,,,,,,,,,,,False,,,,,,
NJ1922005,VEOLIA WATER NJ GRANDVIEW ESTATES,59.0,,,,,,,0,,,,,,,,,,,,,,,,,,,,,,,,,False,,,,,,
NJ1922022,VEOLIA WATER NEW JERSEY SAMMIS ROAD,53.0,,,,,,,0,,,,,,,,,,,,,,,,,,,,,,,,,False,,,,,,
NJ1922004,VEOLIA WATER NEW JERSEY CLIFFWOOD LAKES,72.0,,,,,,,0,,,,,,,,,,,,,,,,,,,,,,,,,False,,,,,,
NJ0233005,BOGERTS RANCH ESTATES IN,225.0,,,,,,,0,,,,,,,,,,,,,,,,,,,,,,,,,False,,,,,,
NJ1615006,VEOLIA WATER NEW JERSEY - PARKWAY,92.0,,,,,,,0,,,,,,,,,,,,,,,,,,,,,,,,,False,,,,,,
NJ1922021,VEOLIA WATER NEW JERSEY PREDMORE ESTATES,45.0,,,,,,,0,,,,,,,,,,,,,,,,,,,,,,,,,False,,,,,,
NJ1922027,HIDDEN VILLAGE CONDO ASSOCIATION,175.0,,,,,,,0,,,,,,,,,,,,,,,,,,,,,,,,,False,,,,,,
NJ1414016,JEFFERSON TWP W VASSAR ROAD,90.0,,,,,,,0,,,,,,,,,,,,,,,,,,,,,,,,,False,,,,,,
NJ1922001,VEOLIA WATER NEW JERSEY BARRY LAKES,136.0,,,,,,,0,,,,,,,,,,,,,,,,,,,,,,,,,False,,,,,,
NJ1922013,VEOLIA WATER NEW JERSEY DAVID CURTIS,53.0,,,,,,,0,,,,,,,,,,,,,,,,,,,,,,,,,False,,,,,,
NJ1922010,VEOLIA WATER NEW JERSEY LAKE GLENWOOD,250.0,,,,,,,0,,,,,,,,,,,,,,,,,,,,,,,,,False,,,,,,
NJ1615017,WONDER LAKE PROPERTIES I,105.0,,,,,,,0,,,,,,,,,,,,,,,,,,,,,,,,,False,,,,,,
NJ1922011,VEOLIA WATER NEW JERSEY SUNSET RIDGE,208.0,,,,,,,0,,,,,,,,,,,,,,,,,,,,,,,,,False,,,,,,
NJ1911002,LAKE STOCKHOLM INC,300.0,,,,,,,0,,,,,,,,,,,,,,,,,,,,,,,,,False,,,,,,
NJ1615001,VEOLIA WATER NEW JERSEY - BIRCH HILL,180.0,,,,,,,1,0.0,0.0,0.0,0.0,0.0,0.0,0.0,0.0,0.0,0.0,0.0,0.0,0.0,0.0,0.0,0.0,0.0,0.0,0.0,0.0,0.0,0.0,0.0,1.0,True,,,,,,
NJ1615020,VEOLIA WATER NJ BALD EAGLE COMMONS,1444.0,,,,,,,0,,,,,,,,,,,,,,,,,,,,,,,,,False,,,,,,
NJ1911003,LAKE TAMARACK W CO,1000.0,,,,,,,0,,,,,,,,,,,,,,,,,,,,,,,,,False,,,,,,
NJ1922006,VEOLIA WATER NEW JERSEY SUSSEX HILLS,168.0,,,,,,,0,,,,,,,,,,,,,,,,,,,,,,,,,False,,,,,,
NJ1615018,VEOLIA WATER NJ-BALD EAGLE VILLAGE,1258.0,,,,,,,0,,,,,,,,,,,,,,,,,,,,,,,,,False,,,,,,
NJ1615012,VEOLIA WATER NEW JERSEY - AWOSTING,633.0,,,,,,,0,,,,,,,,,,,,,,,,,,,,,,,,,False,,,,,,
NJ1615014,VEOLIA WATER NEW JERSEY - CRESCENT PARK,700.0,,,,,,,1,0.0,0.0,0.0,0.0,0.0,0.0,0.0,0.0,0.0,0.0,0.0,0.0,0.0,0.0,0.0,0.0,0.0,0.0,0.0,0.0,0.0,0.0,0.0,1.0,True,,,,,,
NJ1615002,VEOLIA WATER NJ GREENBROOK ESTATES,600.0,,,,,,,0,,,,,,,,,,,,,,,,,,,,,,,,,False,,,,,,
NJ1911006,HARDYSTON TWP MUA,1963.0,,,,,,,0,,,,,,,,,,,,,,,,,,,,,,,,,False,,,,,,
NJ1922026,VEOLIA WATER NEW JERSEY VERNON VALLEY,5517.0,0.0109,0.0010625,6.0,SUEZ WATER NEW JERSEY VERNON VALLEY,True,False,0,,,,,,,,,,,,,,,,,,,,,,,,,False,8.550000000000004,3.75,16.450000000000003,76.5,98329.0,8444.0
NJ1615008,PVWC-POSTBROOK,458.0,,,,,,,0,,,,,,,,,,,,,,,,,,,,,,,,,False,,,,,,
NJ1615016,VEOLIA WATER NJ - OLDE MILFORD EST,1577.0,,,,,,,0,,,,,,,,,,,,,,,,,,,,,,,,,False,,,,,,
NJ1613001,N.J.D.W.S.C. - WANAQUE NORTH,150.0,,,,,,,0,,,,,,,,,,,,,,,,,,,,,,,,,False,,,,,,
NJ1922017,VEOLIA WATER NEW JERSEY HIGHLAND LAKES,88.0,,,,,,,0,,,,,,,,,,,,,,,,,,,,,,,,,False,,,,,,
NJ1613002,WANAQUE W DEPT.,10266.0,0.0148,0.0010115,29.0,WANAQUE W DEPT.,True,False,6,0.0,0.0,0.0,0.0,0.0,0.0,2.0,0.0,0.0,0.0,0.0,0.0,4.0,0.0,0.0,0.0,0.0,0.0,0.0,0.0,0.0,0.0,0.0,0.0,True,8.599999999999994,1.8,11.0,80.8,115159.0,5921.0
NJ1611002,RINGWOOD WATER DEPARTMENT,9327.0,0.0123,0.0013,41.0,RINGWOOD WATER DEPARTMENT,True,False,1,0.0,0.0,0.0,0.0,0.0,0.0,0.0,0.0,0.0,0.0,0.0,0.0,0.0,0.0,0.0,0.0,0.0,0.0,0.0,0.0,1.0,0.0,0.0,0.0,True,7.099999999999994,3.1,10.4,81.1,152414.0,11657.0
NJ1414008,OAK RIDGE MOBILE HOME PARK,100.0,,,,,,,0,,,,,,,,,,,,,,,,,,,,,,,,,False,,,,,,
NJ1606301,HOLLAND CHRISTIAN HOME,250.0,,,,,,,0,,,,,,,,,,,,,,,,,,,,,,,,,False,,,,,,
NJ1431002,PEQUANNOCK TWP WD-CEDAR CREST,1463.0,,,,,,,0,,,,,,,,,,,,,,,,,,,,,,,,,False,,,,,,
NJ1615003,PASSAIC VALLEY W C HIGH CREST,1132.0,,,,,,,0,,,,,,,,,,,,,,,,,,,,,,,,,False,,,,,,
NJ1415002,KINNELON WATER DEPT,1938.0,,,,,,,0,,,,,,,,,,,,,,,,,,,,,,,,,False,,,,,,
NJ1433001,RIVERDALE BORO WATER DEP,2850.0,,,,,,,2,0.0,0.0,0.0,0.0,0.0,0.0,1.0,0.0,0.0,0.0,0.0,0.0,0.0,0.0,0.0,0.0,0.0,0.0,0.0,0.0,1.0,0.0,0.0,0.0,True,,,,,,
NJ1601001,BLOOMINGDALE WATER DEPT,7742.0,0.0079,0.00035125,4.0,BLOOMINGDALE WATER DEPT,True,False,1,0.0,0.0,0.0,0.0,0.0,0.0,0.0,0.0,0.0,0.0,0.0,0.0,0.0,1.0,0.0,0.0,0.0,0.0,0.0,0.0,0.0,0.0,0.0,0.0,True,13.200000000000005,3.3,22.3,72.6,128010.0,7685.0
NJ1415001,FAYSON LAKES WATER COMPANY INC,3010.0,,,,,,,0,,,,,,,,,,,,,,,,,,,,,,,,,False,,,,,,
NJ1403001,BUTLER WATER DEPT,7630.0,0.009,0.00044124999999999996,5.0,BUTLER WATER DEPT,True,False,4,0.0,0.0,0.0,2.0,0.0,0.0,1.0,0.0,0.0,0.0,0.0,0.0,0.0,0.0,0.0,0.0,0.0,0.0,0.0,0.0,0.0,1.0,0.0,0.0,True,11.0,3.55,14.45,76.9,133922.5,16474.5
NJ1414003,JEFFERSON TWP W U MILTON SYS,4500.0,0.0167,0.0012825,23.0,JEFFERSON TWP W U MILTON SYS,True,False,0,,,,,,,,,,,,,,,,,,,,,,,,,False,7.900000000000006,7.2,11.0,78.4,123271.0,11160.0
NJ1609001,POMPTON LAKES MUA,11435.0,0.0097,0.0002358333333333333,4.0,POMPTON LAKES MUA,True,False,2,0.0,0.0,0.0,0.0,0.0,0.0,0.0,0.0,0.0,0.0,0.0,0.0,0.0,0.0,0.0,0.0,0.0,0.0,0.0,1.0,0.0,0.0,1.0,0.0,True,9.700000000000005,2.8,17.0,73.0,124454.0,11047.0
NJ0242001,OAKLAND WATER DEPT,12754.0,0.023,0.002043571428571429,34.0,"OAKLAND WATER DEPT, NJ",True,False,15,0.0,0.0,0.0,4.0,0.0,0.0,2.0,0.0,0.0,0.0,0.0,0.0,0.0,2.0,0.0,0.0,0.0,2.0,0.0,0.0,2.0,0.0,0.0,3.0,True,14.025000000000004,4.125,12.475,73.325,168876.0,22252.75
NJ0251001,RIDGEWOOD WATER,61700.0,0.0314,0.002871842105263158,249.0,RIDGEWOOD WATER,True,False,3,0.0,0.0,0.0,0.0,0.0,0.0,0.0,0.0,0.0,0.0,0.0,0.0,2.0,0.0,0.0,0.0,0.0,0.0,0.0,0.0,0.0,0.0,0.0,1.0,True,13.175000000000004,2.225,8.9,76.6,193534.0,15632.75
NJ0265001,WALLINGTON WATER DEPT,11583.0,0.0071,0.0009825,8.0,WALLINGTON WATER DEPT,True,False,6,0.0,0.0,0.0,2.0,0.0,0.0,0.0,0.0,0.0,0.0,0.0,0.0,1.0,0.0,0.0,0.0,0.0,2.0,0.0,1.0,0.0,0.0,0.0,0.0,True,18.299999999999997,6.3,18.9,70.2,85862.0,11889.0
NJ0221001,GARFIELD WATER DEPARTMENT,30487.0,0.0236,0.0009425,22.0,GARFIELD WATER DEPARTMENT,True,False,23,0.0,0.0,0.0,4.0,0.0,0.0,2.0,0.0,0.0,0.0,1.0,1.0,5.0,0.0,0.0,0.0,0.0,0.0,2.0,1.0,4.0,0.0,2.0,1.0,True,30.0,9.8,47.3,41.8,79700.0,32783.0
NJ0231001,PASSAIC VALLEY WC LODI WD,24136.0,0.0094,0.0009350000000000001,13.0,PASSAIC VALLEY WC LODI WD,True,False,19,0.0,0.0,0.0,6.0,1.0,0.0,1.0,0.0,0.0,0.0,0.0,1.0,3.0,0.0,0.0,1.0,0.0,2.0,0.0,0.0,2.0,0.0,1.0,1.0,True,33.5,13.4,39.0,42.7,89305.0,26082.0
NJ0257001,SADDLE BROOK WATER DEPT,13155.0,0.0107,0.001232258064516129,13.0,SADDLE BROOK WATER DEPT,True,False,11,0.0,0.0,0.0,0.0,0.0,0.0,2.0,0.0,0.0,0.0,0.0,0.0,1.0,3.0,0.0,0.0,0.0,1.0,1.0,0.0,2.0,1.0,0.0,0.0,True,18.40000000000001,7.1,24.2,60.0,129073.0,14419.0
NJ0238001,VEOLIA WATER NEW JERSEY HACKENSACK,792713.0,0.014,0.0011375,48.0,SUEZ WATER NEW JERSEY HACKENSACK,True,False,295,15.0,1.0,0.0,64.0,20.0,0.0,20.0,1.0,0.0,0.0,5.0,1.0,23.0,14.0,0.0,0.0,0.0,24.0,15.0,9.0,18.0,31.0,17.0,17.0,True,34.98461538461539,6.348076923076923,25.430769230769233,47.607692307692304,138541.88461538462,17343.615384615383
NJ0905001,HOBOKEN WATER UTILITY,52000.0,0.0067,0.00043461538461538464,2.0,HOBOKEN WATER UTILITY,True,False,10,0.0,0.0,0.0,1.0,2.0,0.0,0.0,0.0,0.0,0.0,0.0,0.0,1.0,0.0,0.0,0.0,0.0,0.0,0.0,0.0,0.0,1.0,2.0,3.0,True,19.90000000000001,5.9,13.4,65.5,180579.0,58668.0
NJ1401002,BOONTON TWP WATER DEPT,305.0,,,,,,,0,,,,,,,,,,,,,,,,,,,,,,,,,False,,,,,,
NJ0906001,JERSEY CITY MUA,262000.0,0.0092,0.0010584415584415584,15.0,JERSEY CITY MUA,True,False,46,2.0,0.0,0.0,13.0,5.0,0.0,0.0,0.0,0.0,0.0,0.0,0.0,1.0,4.0,0.0,2.0,0.0,3.0,2.0,2.0,3.0,3.0,1.0,5.0,True,54.275,17.15,20.7125,30.7125,124951.5,38673.125
NJ0901001,CITY OF BAYONNE,63000.0,0.0046,0.00016375,3.0,CITYOF BAYONNE,True,False,23,1.0,0.0,0.0,9.0,1.0,0.0,0.0,0.0,0.0,0.0,0.0,0.0,0.0,0.0,0.0,0.0,0.0,1.0,0.0,5.0,4.0,1.0,0.0,1.0,True,34.5,17.3,32.1,42.5,83887.0,71553.0
NJ0232001,LYNDHURST WATER DEPARTMENT,20500.0,0.008,0.0009062499999999999,13.0,LYNDHURST WATER DEPARTMENT,True,False,14,0.0,0.0,0.0,3.0,1.0,0.0,0.0,0.0,0.0,0.0,0.0,0.0,2.0,0.0,0.0,0.0,0.0,0.0,0.0,0.0,5.0,1.0,1.0,1.0,True,18.90000000000001,6.1,29.1,60.6,111711.0,22463.0
NJ0108005,AQUA NJ - SEAVIEW HARBOR,300.0,,,,,,,0,,,,,,,,,,,,,,,,,,,,,,,,,False,,,,,,
NJ0326001,AQUA NJ - CALIFORNIA VILLAGE,300.0,,,,,,,0,,,,,,,,,,,,,,,,,,,,,,,,,False,,,,,,
NJ0326004,AQUA NJ - HANOVER MOBILE VILLAGE,285.0,,,,,,,0,,,,,,,,,,,,,,,,,,,,,,,,,False,,,,,,
NJ0326008,AQUA NJ - SPARTAN VILLAGE,594.0,,,,,,,0,,,,,,,,,,,,,,,,,,,,,,,,,False,,,,,,
NJ0415002,AQUA NJ - BLACKWOOD,44396.0,0.0048,2.894736842105263e-05,3.0,AQUA NJ - BLACKWOOD,True,False,4,0.0,0.0,0.0,0.0,0.0,0.0,2.0,0.0,0.0,0.0,0.0,0.0,0.0,0.0,0.0,0.0,0.0,0.0,0.0,1.0,1.0,0.0,0.0,0.0,True,23.98,18.839999999999996,9.280000000000001,68.42,115638.8,28533.8
NJ0824001,AQUA NJ - WOOLWICH,6271.0,0.0,0.0,0.0,AQUA NJ - WOOLWICH,False,False,1,0.0,0.0,0.0,1.0,0.0,0.0,0.0,0.0,0.0,0.0,0.0,0.0,0.0,0.0,0.0,0.0,0.0,0.0,0.0,0.0,0.0,0.0,0.0,0.0,True,14.199999999999994,9.0,6.300000000000001,80.25,153075.5,13887.0
NJ1004001,AQUA NJ - CALIFON,936.0,,,,,,,0,,,,,,,,,,,,,,,,,,,,,,,,,False,,,,,,
NJ1015003,AQUA NJ - RIEGEL RIDGE,621.0,,,,,,,0,,,,,,,,,,,,,,,,,,,,,,,,,False,,,,,,
NJ1015004,AQUA NJ - FOX HILL,172.0,,,,,,,0,,,,,,,,,,,,,,,,,,,,,,,,,False,,,,,,
NJ1019001,AQUA NJ - BUNNVALE,252.0,,,,,,,0,,,,,,,,,,,,,,,,,,,,,,,,,False,,,,,,
NJ1103001,AQUA NJ - HAMILTON SQUARE,39128.0,0.0116,0.0011133333333333334,31.0,AQUA NJ - HAMILTON SQUARE,True,False,7,0.0,0.0,0.0,1.0,0.0,0.0,1.0,0.0,0.0,0.0,0.0,0.0,0.0,0.0,0.0,0.0,0.0,0.0,0.0,0.0,1.0,4.0,0.0,0.0,True,25.53333333333333,6.75,10.783333333333333,64.64999999999999,139805.5,17296.333333333332
NJ1107002,AQUA NJ - LAWRENCE,8655.0,0.0081,0.00081875,13.0,AQUA NJ - LAWRENCE,True,False,0,,,,,,,,,,,,,,,,,,,,,,,,,False,37.8,11.45,11.5,51.65,151248.5,40855.5
NJ1438001,AQUA NJ CLIFFSIDE PARK,80.0,,,,,,,0,,,,,,,,,,,,,,,,,,,,,,,,,False,,,,,,
NJ1505002,AQUA NJ - EASTERN DIVISION,12000.0,0.0055,0.00012738095238095238,2.0,AQUA NJ - EASTERN DIVISION,True,False,1,0.0,0.0,1.0,0.0,0.0,0.0,0.0,0.0,0.0,0.0,0.0,0.0,0.0,0.0,0.0,0.0,0.0,0.0,0.0,0.0,0.0,0.0,0.0,0.0,True,7.149999999999999,3.15,7.15,85.75,124183.5,12746.0
NJ1904009,AQUA NJ - BYRAM,400.0,,,,,,,0,,,,,,,,,,,,,,,,,,,,,,,,,False,,,,,,
NJ1907002,AQUA NJ - BEAR BROOK,226.0,,,,,,,0,,,,,,,,,,,,,,,,,,,,,,,,,False,,,,,,
NJ1908001,AQUA NJ - TRANQUILITY SPRINGS,599.0,,,,,,,0,,,,,,,,,,,,,,,,,,,,,,,,,False,,,,,,
NJ1911001,AQUA NJ - WALLKILL,1050.0,,,,,,,0,,,,,,,,,,,,,,,,,,,,,,,,,False,,,,,,
NJ1911004,AQUA NJ - SUMMIT LAKE,177.0,,,,,,,0,,,,,,,,,,,,,,,,,,,,,,,,,False,,,,,,
NJ1922008,AQUA NJ - VERNON,515.0,,,,,,,0,,,,,,,,,,,,,,,,,,,,,,,,,False,,,,,,
NJ2110001,AQUA NJ - BRAINARDS,135.0,,,,,,,0,,,,,,,,,,,,,,,,,,,,,,,,,False,,,,,,
NJ2110003,AQUA NJ - HARKERS HOLLOW,40.0,,,,,,,0,,,,,,,,,,,,,,,,,,,,,,,,,False,,,,,,
NJ2119001,AQUA NJ - PHILLIPSBURG,26686.0,0.0,0.0,0.0,AQUA NJ - PHILLIPSBURG,False,False,13,1.0,0.0,0.0,2.0,0.0,0.0,1.0,0.0,0.0,0.0,1.0,0.0,2.0,1.0,0.0,0.0,0.0,0.0,1.0,0.0,2.0,0.0,1.0,1.0,True,19.233333333333334,12.4,13.266666666666666,69.0,116150.0,13775.666666666666
NJ2120001,AQUA NJ - RIEGELSVILLE,62.0,,,,,,,0,,,,,,,,,,,,,,,,,,,,,,,,,False,,,,,,
NJ2120002,AQUA NJ - WARREN GLEN,192.0,,,,,,,1,0.0,0.0,0.0,0.0,0.0,0.0,0.0,0.0,0.0,0.0,0.0,0.0,0.0,0.0,0.0,0.0,0.0,0.0,1.0,0.0,0.0,0.0,0.0,0.0,True,,,,,,
NJ0506010,NJ AMERICAN WATER - CAPE MAY COURT HOUSE,5625.0,0.0,0.0,0.0,NJ AMERICAN WATER - CAPE MAY COURT HOUSE,False,False,9,2.0,0.0,0.0,0.0,0.0,0.0,0.0,0.0,0.0,0.0,0.0,0.0,0.0,0.0,0.0,0.0,0.0,0.0,0.0,0.0,1.0,0.0,0.0,6.0,True,18.9,12.55,14.2,71.65,91631.5,10642.0
